景点编号,分钟t,估计实际人数N,估计进入人数Î,估计离开人数Ô
1,1,14.118069765655322,12.422588208457995,0.0
1,2,16.941683718786386,6.3465221979941475,0.217940583733483
1,3,25.412525578179583,7.20637419885737,1.7217179187914768
1,4,22.588911625048517,4.3575715389223655,5.326599113742189
1,5,19.765297671917452,5.372924879853807,7.624463363211113
1,6,22.588911625048517,7.89284356915975,7.045271541085021
1,7,22.588911625048517,6.119787447802015,5.950523282819074
1,8,19.765297671917452,5.272844159658767,5.615730736348901
1,9,25.412525578179583,9.277465335649115,6.257458175220489
1,10,25.412525578179583,7.615788963511288,6.563399395729963
1,11,28.236139531310645,8.295132715231953,6.472148750665606
1,12,28.236139531310645,9.353573321001203,7.196561455498627
1,13,33.88336743757277,12.14334102793235,7.990118700836508
1,14,33.88336743757277,9.131742757284863,8.33288108434404
1,15,36.70698139070384,7.280287490501173,9.108130039717686
1,16,19.765297671917452,1.5059620297306942,10.103669681209542
1,17,28.236139531310645,14.323465140466324,9.831927452965271
1,18,39.530595343834904,17.01958759104122,7.975399934153441
1,19,42.354209296965976,10.694359884576235,6.656584762495252
1,20,39.530595343834904,7.953215565268982,9.086595481208843
1,21,36.70698139070384,10.416752896862024,12.901607171565775
1,22,39.530595343834904,13.07850972098516,12.869265700807572
1,23,39.530595343834904,10.318513944036338,10.609825183976
1,24,33.88336743757277,8.819763076909645,10.047078957430234
1,25,42.354209296965976,16.321253730638603,11.005291307189163
1,26,48.00143720322809,15.83974903032743,11.173775323107222
1,27,48.00143720322809,11.53642693951028,11.022851931329175
1,28,42.354209296965976,10.292504015970081,12.691192318274744
1,29,48.00143720322809,16.72592162441881,14.344865712949693
1,30,50.0,14.92714516040826,13.554186673221611
1,31,45.177823250097035,10.938872902959679,12.46971435889856
1,32,50.0,14.752367547391065,13.435459678476425
1,33,45.177823250097035,12.849047388204893,14.381449524680784
1,34,50.0,15.940399092460002,13.6115724758533
1,35,50.0,13.776996412667065,13.236017544139903
1,36,48.00143720322809,12.469408901796385,13.728939089851737
1,37,48.00143720322809,13.802688035177031,14.267103763426196
1,38,48.00143720322809,14.516678894125755,14.26463615517688
1,39,50.0,14.990582415646978,13.597512711382747
1,40,50.0,13.975266123670664,13.47962153895505
1,41,50.0,14.027467001200556,14.039865371432537
1,42,50.0,14.365473545671644,14.475807734334795
1,43,50.0,14.38582014553731,14.412493211727176
1,44,50.0,14.241227370081612,14.192388977451364
1,45,50.0,14.222404523852916,14.207331336749338
1,46,50.0,14.28337983041048,14.3039128052907
1,47,50.0,14.294931024365118,14.302614097605769
1,48,50.0,14.27010234608096,14.261733882561682
1,49,50.0,14.263865660346788,14.25955838635996
1,50,50.0,14.273212321229646,14.276833542249356
1,51,50.0,14.275700482346434,14.278958544014897
1,52,50.0,14.27373946905136,14.27181546622585
1,53,50.0,14.274627268056285,14.270236497851505
1,54,50.0,14.271445834994273,14.272935193109312
1,55,50.0,14.265404504040328,14.274260938112539
1,56,50.0,14.27511469994582,14.273845033277949
1,57,50.0,14.292377226335471,14.272221510188658
1,58,50.0,14.271178464964073,14.270616224952343
1,59,50.0,14.225808852311333,14.273376419721815
1,60,50.0,14.271797241246063,14.278498788060912
1,61,50.0,14.381607484993445,14.273187174702915
1,62,50.0,14.282937056385737,14.260020828588267
1,63,50.0,14.091167278435416,14.270306001956408
1,64,50.0,13.920270767970676,14.302812716837357
1,65,48.00143720322809,13.566779175599267,14.284027705265395
1,66,50.0,15.256974688166496,14.168329249044152
1,67,50.0,13.41380803764434,14.01353694280055
1,68,45.177823250097035,10.532878289907714,13.989028247711117
1,69,45.177823250097035,12.181509155090067,14.14497379670489
1,70,39.530595343834904,11.771321022706395,13.697539008937257
1,71,48.00143720322809,17.03118916007787,12.452140000407441
1,72,48.00143720322809,12.934315346006084,11.847415252129451
1,73,45.177823250097035,10.271735092786281,12.489463626957164
1,74,42.354209296965976,11.252687733794142,13.782176545825305
1,75,42.354209296965976,13.186616366750325,13.837246431520624
1,76,42.354209296965976,12.457461226155273,12.292501288746084
1,77,42.354209296965976,10.722528979675037,11.498697538200261
1,78,36.70698139070384,7.633694930575792,11.988434064349297
1,79,33.88336743757277,9.37537518040384,12.210833383290396
1,80,36.70698139070384,11.8440874700187,11.238202576249375
1,81,31.05975348444171,8.577581811731505,9.74772098153695
1,82,39.530595343834904,12.917514940818087,9.299740303598714
1,83,36.70698139070384,7.805096273708501,10.004627604523899
1,84,25.412525578179583,4.449431458361972,10.366470079420628
1,85,33.88336743757277,12.203776142167113,10.370970470180982
1,86,28.236139531310645,6.565916462939423,9.421136580988405
1,87,25.412525578179583,5.185579421573666,7.850947914613265
1,88,22.588911625048517,6.160650895725776,8.056468586339546
1,89,25.412525578179583,8.089831854496143,8.119484520321185
1,90,19.765297671917452,3.4613880615712467,6.748619257021288
2,1,11.611621639536278,6.444058316052591,0.0
2,2,2.9029054098840694,0.0,0.012178068984775992
2,3,11.611621639536278,0.0,0.07062959221565032
2,4,2.9029054098840694,0.0,0.2771715725352331
2,5,0.0,0.0,0.735977251435273
2,6,14.514527049420348,8.275668544698737,1.322311618191977
2,7,14.514527049420348,3.9772776949944615,1.6231615802144634
2,8,17.41743245930442,1.878997380847774,1.4205327430983898
2,9,11.611621639536278,0.0,1.139073560991599
2,10,14.514527049420348,2.977494998004232,1.4140025200426627
2,11,20.32033786918849,4.841789710345819,2.3094770175260715
2,12,11.611621639536278,0.09686624259835205,3.149127162697993
2,13,20.32033786918849,5.597051404597985,3.2572059065620964
2,14,14.514527049420348,0.0,2.7899828337218415
2,15,11.611621639536278,0.0,2.425238042602447
2,16,11.611621639536278,1.740828711207587,2.4644676806998915
2,17,11.611621639536278,3.9048428162741637,2.621259620977187
2,18,17.41743245930442,7.0660196972012805,2.5608303241399906
2,19,20.32033786918849,6.18425478347471,2.23173554748714
2,20,26.126148688956626,5.9915809246506875,1.8563685669471055
2,21,26.126148688956626,2.413703035391994,1.8883186397299447
2,22,26.126148688956626,0.13961896845021682,2.629724031609444
2,23,17.41743245930442,0.0,3.8335100206011887
2,24,11.611621639536278,0.05385558490609489,4.831989764818126
2,25,20.32033786918849,8.899298648490245,5.024739103914873
2,26,20.32033786918849,7.1392621850265625,4.2863376811350395
2,27,29.029054098840696,6.7216688301567205,3.029896441808362
2,28,20.32033786918849,0.0,2.0451192598823322
2,29,23.223243279072555,2.550748458653043,2.051352100946138
2,30,26.126148688956626,5.366278831293498,3.1459887179532418
2,31,26.126148688956626,5.968661988480611,4.545584294935803
2,32,31.931959508724766,7.186586477765533,5.178398260405484
2,33,23.223243279072555,2.3084627860115545,4.761847838657669
2,34,34.83486491860884,8.955290909787884,4.054168297807801
2,35,29.029054098840696,2.369655652732918,3.9428730415347215
2,36,29.029054098840696,3.031830872475416,4.493716789709894
2,37,26.126148688956626,4.16390768738665,5.123783172616264
2,38,31.931959508724766,9.094149999279669,5.392313533363398
2,39,34.83486491860884,7.640454811261194,5.292476772705448
2,40,31.931959508724766,2.7493445772998952,4.974533636710016
2,41,26.126148688956626,0.8867210509283372,4.654845834381709
2,42,29.029054098840696,4.847690624266274,4.708202737462768
2,43,26.126148688956626,4.531013507648236,5.231413497816533
2,44,29.029054098840696,7.984949005314518,5.655391419480188
2,45,34.83486491860884,7.852435876913758,5.359636257018811
2,46,26.126148688956626,0.22346343956290876,4.541962999166957
2,47,26.126148688956626,3.530952561854018,4.042668067196112
2,48,31.931959508724766,7.533527960051693,4.330019124439617
2,49,29.029054098840696,5.807926678966105,5.043370931247854
2,50,37.73777032849291,8.90709626598059,5.440285814670883
2,51,29.029054098840696,2.226861813996691,5.191911745654116
2,52,34.83486491860884,6.221854338073131,4.765308824021115
2,53,31.931959508724766,3.6096494751797947,4.854249469038343
2,54,29.029054098840696,5.9088339955940326,5.443054185291553
2,55,43.54358114826105,13.03578993491747,5.909139586784075
2,56,34.83486491860884,2.853763753913853,5.855497696411947
2,57,34.83486491860884,3.4157393926954067,5.5011072810713655
2,58,31.931959508724766,4.538338847670381,5.379348085657006
2,59,37.73777032849291,8.918176199919069,5.762573208879222
2,60,37.73777032849291,5.128919722737442,6.344051436086917
2,61,26.126148688956626,0.0,6.463823015897653
2,62,29.029054098840696,7.053021592904603,5.948362496652248
2,63,37.73777032849291,9.495185785293781,5.415705393940016
2,64,26.126148688956626,0.46307753346003644,5.302258956933808
2,65,31.931959508724766,4.324703993447564,5.283631686548949
2,66,20.32033786918849,0.0,5.057785284851749
2,67,26.126148688956626,7.258217839607462,4.908063313709206
2,68,29.029054098840696,7.2553098294033616,4.986010827571817
2,69,26.126148688956626,2.659850276245586,4.825061357355301
2,70,20.32033786918849,2.0755684570693576,4.226674099000086
2,71,31.931959508724766,9.136420283367482,3.7454623269610714
2,72,26.126148688956626,2.2827302058853807,3.8984489906505813
2,73,29.029054098840696,1.6165723643981877,4.428152641790244
2,74,14.514527049420348,0.0,4.712203608565879
2,75,20.32033786918849,5.332207028849979,4.614817770973134
2,76,26.126148688956626,5.8379661543773205,4.427658623141647
2,77,14.514527049420348,0.0,4.122975368104344
2,78,17.41743245930442,2.0412429661140044,3.5139738583614664
2,79,14.514527049420348,1.8968837630788509,2.911243375667144
2,80,17.41743245930442,4.661921411442936,2.8000548003688275
2,81,17.41743245930442,3.905690617081821,3.0323781250435142
2,82,20.32033786918849,2.8071299339665012,3.035503745900537
2,83,11.611621639536278,0.0,2.71310208802707
2,84,17.41743245930442,3.6642701497233925,2.528799091876665
2,85,20.32033786918849,1.1798000537462805,2.731952990675391
2,86,5.805810819768139,0.0,3.0238224440518917
2,87,11.611621639536278,3.036473483640531,2.992957191889879
2,88,14.514527049420348,4.5889277780383075,2.613084814016325
2,89,14.514527049420348,3.353355099834452,2.1758568980913284
2,90,17.41743245930442,4.216215841133103,1.886689069670631
3,1,5.504907816330847,4.8312716884375355,0.0
3,2,11.009815632661693,1.4958520614594324,0.004903430952801059
3,3,0.0,0.0,0.023493846827439442
3,4,11.009815632661693,3.126797518083149,0.08350663845814604
3,5,8.25736172449627,0.0,0.23542123720250294
3,6,11.009815632661693,1.6533833535481077,0.5201706716823493
3,7,11.009815632661693,1.840144015982762,0.9157170937746087
3,8,13.762269540827118,2.971098643765456,1.3040773573307578
3,9,11.009815632661693,1.5371239311113205,1.5470495238980972
3,10,16.51472344899254,3.62873488676092,1.6036820532390208
3,11,11.009815632661693,0.0,1.5597886417400546
3,12,13.762269540827118,1.4810352135547074,1.536222703483747
3,13,11.009815632661693,1.312025930473334,1.606107177457594
3,14,19.267177357157962,5.013919340721091,1.7597263263771055
3,15,19.267177357157962,0.0,1.9238855058087814
3,16,8.25736172449627,0.0,2.0054913185405523
3,17,8.25736172449627,0.0,1.971906974573121
3,18,5.504907816330847,0.017789933683925528,1.872999038700264
3,19,16.51472344899254,6.153402123429924,1.7941652348831607
3,20,8.25736172449627,0.0,1.756866781970941
3,21,13.762269540827118,4.390110138554934,1.6712653666076573
3,22,19.267177357157962,4.2276030284137,1.4732294464234827
3,23,16.51472344899254,0.0,1.2485386411789645
3,24,8.25736172449627,0.0,1.1956908453948738
3,25,24.77208517348881,8.632656548795728,1.4308539907712856
3,26,19.267177357157962,1.035394269104537,1.8729556550986515
3,27,19.267177357157962,0.6922636902393093,2.304802735896424
3,28,16.51472344899254,0.02121731153463714,2.561972220907987
3,29,13.762269540827118,1.9914594036934241,2.6218873051257163
3,30,22.019631265323387,7.985981220812043,2.591278130140555
3,31,24.77208517348881,5.284713518024291,2.5779716327898528
3,32,22.019631265323387,0.41522043215570126,2.566801724216561
3,33,16.51472344899254,0.31009164693896824,2.4717182958628516
3,34,27.524539081654236,7.890871943085202,2.337462140141897
3,35,24.77208517348881,3.7472898839450632,2.3800010998583465
3,36,30.276992989819654,4.827423342969291,2.71327628342166
3,37,24.77208517348881,0.5592550912852706,3.1725177440834105
3,38,24.77208517348881,2.8519353803538094,3.467644466149978
3,39,27.524539081654236,4.2698853942823645,3.5241165630540516
3,40,22.019631265323387,1.6314230442294286,3.521889748241448
3,41,27.524539081654236,5.453503960462419,3.6045803770150187
3,42,24.77208517348881,2.323764756886793,3.6816188548880118
3,43,22.019631265323387,2.9489321491473977,3.5976908108933454
3,44,30.276992989819654,8.159717275772286,3.3695860005563034
3,45,30.276992989819654,4.3914679443105555,3.1681565750378495
3,46,27.524539081654236,1.5036791889126644,3.1242166823464
3,47,27.524539081654236,1.9556419774999503,3.238176627868779
3,48,24.77208517348881,1.175766753943379,3.4500081747521296
3,49,22.019631265323387,3.027548909449579,3.710947539904383
3,50,30.276992989819654,7.776962896411776,3.961979684486498
3,51,24.77208517348881,1.7071634261746176,4.072150977946737
3,52,24.77208517348881,0.7766845409806892,3.9087111304540754
3,53,16.51472344899254,0.0,3.5020100701370436
3,54,19.267177357157962,4.592556692921559,3.086633741293327
3,55,27.524539081654236,9.068821625380593,2.905651119751983
3,56,30.276992989819654,5.732166561638423,2.97079214585822
3,57,27.524539081654236,0.9139337791570463,3.068315949195439
3,58,22.019631265323387,0.8889091915694072,3.020504861834171
3,59,33.02944689798508,7.904628110238271,2.9285621695242874
3,60,27.524539081654236,1.7528838377197995,3.0719045148885735
3,61,27.524539081654236,2.5767637588564685,3.5332660975798253
3,62,27.524539081654236,2.708882638953555,4.046729544188555
3,63,22.019631265323387,0.7703278371731451,4.255852914640006
3,64,22.019631265323387,4.00863242737476,4.084783451122502
3,65,27.524539081654236,5.889363082430938,3.7567344485121135
3,66,19.267177357157962,0.36574304131613405,3.4800226167414574
3,67,24.77208517348881,4.29475090121937,3.257197540036704
3,68,19.267177357157962,0.8187488120712227,3.0365901399645487
3,69,22.019631265323387,3.176767436593947,2.8592807393807567
3,70,19.267177357157962,2.493971974696489,2.8192261971954524
3,71,24.77208517348881,5.508347149475656,2.909734887662686
3,72,22.019631265323387,2.036444123926161,3.00397987208579
3,73,22.019631265323387,0.9859042340753656,2.983358551239095
3,74,13.762269540827118,0.0,2.863406623301362
3,75,22.019631265323387,5.085710936181993,2.7632367247990905
3,76,16.51472344899254,0.0,2.764790608052957
3,77,13.762269540827118,0.4459753864109244,2.8222514203613165
3,78,16.51472344899254,4.395853824397948,2.8010935328395017
3,79,19.267177357157962,4.557425063419964,2.610794595820009
3,80,19.267177357157962,0.8878976795839404,2.308476843841494
3,81,11.009815632661693,0.0,2.0435629174730314
3,82,13.762269540827118,1.3278413918713687,1.917641625053213
3,83,13.762269540827118,1.8250488928398825,1.9445342797680913
3,84,13.762269540827118,2.0669570335504095,2.079513578461779
3,85,13.762269540827118,2.594065753492023,2.2306998226308803
3,86,22.019631265323387,3.054125254806673,2.2569428442477433
3,87,8.25736172449627,0.0,2.085618844025775
3,88,11.009815632661693,0.0,1.8132367171146817
3,89,8.25736172449627,0.0,1.6330745130691622
3,90,8.25736172449627,0.24188444495917755,1.6395754378228642
4,1,0.0,2.6709219653653964,0.0
4,2,10.626079363953963,5.725467300234838,0.004345835044185622
4,3,5.313039681976981,0.0,0.04276527396988177
4,4,13.282599204942455,1.5906689978786839,0.2262730634416124
4,5,10.626079363953963,0.0,0.7627562630915488
4,6,5.313039681976981,0.0,1.6534364079895125
4,7,2.6565198409884907,0.0,2.3374493196424835
4,8,2.6565198409884907,1.351352237803155,2.2153426606379014
4,9,7.969559522965472,4.526848163601746,1.5013988209154994
4,10,7.969559522965472,3.0088964474237656,0.814462265403455
4,11,18.595638886919435,4.3649743563593955,0.47122995739315804
4,12,7.969559522965472,0.0,0.6250943609098396
4,13,13.282599204942455,1.40325780776047,1.3369026310792609
4,14,10.626079363953963,0.49437820460368653,2.3125403410322662
4,15,7.969559522965472,1.5388457055367604,2.9513959996129775
4,16,13.282599204942455,4.624196208764925,2.866861544181174
4,17,7.969559522965472,0.8052932502272591,2.2099926546786115
4,18,13.282599204942455,3.273020535358884,1.5367502834280864
4,19,10.626079363953963,0.0,1.335215089736212
4,20,5.313039681976981,0.0,1.6586190508004264
4,21,13.282599204942455,5.761167269402595,2.1345371000808213
4,22,15.939119045930944,3.20218714045715,2.280098118596841
4,23,7.969559522965472,0.0,2.00796240871093
4,24,13.282599204942455,3.6699425948597484,1.6657711796367412
4,25,15.939119045930944,4.273875614072104,1.7487807568669518
4,26,15.939119045930944,3.016495204030753,2.314736041249115
4,27,15.939119045930944,2.8861585127702263,2.7101320573037584
4,28,18.595638886919435,3.1617272571037143,2.6656784916818803
4,29,13.282599204942455,0.5392124280498956,2.7310075596890613
4,30,15.939119045930944,3.7390262332367326,3.073642002896214
4,31,15.939119045930944,1.6320573962445701,3.247515022106758
4,32,5.313039681976981,0.0,3.0706083503576713
4,33,21.252158727907926,9.321691666452574,2.7183500448881124
4,34,15.939119045930944,1.2387901716947443,2.3971010278848794
4,35,15.939119045930944,0.0,2.2442784240490883
4,36,7.969559522965472,0.0,2.3019285184513167
4,37,13.282599204942455,5.265779049091429,2.6805904477101525
4,38,21.252158727907926,8.39859043771948,3.1906171851229153
4,39,21.252158727907926,3.3696388818763405,3.045889305347834
4,40,15.939119045930944,0.0,2.269841458148629
4,41,18.595638886919435,3.370561621801971,2.1146875661058844
4,42,18.595638886919435,4.97240034881601,3.1455441999459177
4,43,26.56519840988491,7.232148588956779,4.276171475877318
4,44,15.939119045930944,0.3090062831015656,4.263662226377284
4,45,29.221718250873398,5.862117860583353,3.4742799310858326
4,46,13.282599204942455,0.0,3.2246438541213696
4,47,18.595638886919435,3.9591868692587067,3.79230925257708
4,48,21.252158727907926,6.6055703334678855,4.256113577441549
4,49,23.90867856889642,5.7645602849137925,4.017083961294745
4,50,21.252158727907926,2.8847359776612875,3.4626563451245738
4,51,23.90867856889642,5.121005013500325,3.198396798538481
4,52,29.221718250873398,4.9690495539587225,3.555127379584519
4,53,18.595638886919435,0.0,4.344840174457427
4,54,18.595638886919435,2.6825387061965715,4.839395350410907
4,55,21.252158727907926,5.1165739947877285,4.726370430539575
4,56,15.939119045930944,1.947425422495717,4.338027973959459
4,57,18.595638886919435,3.677197926682123,3.8067364777826667
4,58,13.282599204942455,2.162911845017271,3.1580926866153267
4,59,23.90867856889642,7.747723327252246,2.840800290218568
4,60,18.595638886919435,1.4574920357528423,3.007226866533541
4,61,18.595638886919435,1.9132269046948376,3.205297593854863
4,62,15.939119045930944,2.4887765461781917,3.30597457698409
4,63,21.252158727907926,5.654312857037544,3.5604357159381657
4,64,15.939119045930944,2.267032013919674,3.806968193339993
4,65,21.252158727907926,4.934230240353042,3.5801832384725496
4,66,15.939119045930944,0.6104287807408747,3.0829562078743162
4,67,15.939119045930944,1.6880634633278542,2.994455678878806
4,68,13.282599204942455,1.518235516740771,3.3296516999324477
4,69,13.282599204942455,3.0522624513394705,3.510668542870889
4,70,13.282599204942455,4.1436886082375795,3.2236508570732934
4,71,18.595638886919435,5.491031782095478,2.6121149091811655
4,72,15.939119045930944,1.0452384535504673,2.0941660210272754
4,73,13.282599204942455,0.5049740818373394,2.07891189547754
4,74,15.939119045930944,3.243512580707408,2.591066398302413
4,75,13.282599204942455,2.035053319211759,3.23519051168768
4,76,13.282599204942455,3.1884529794168657,3.4175761900710513
4,77,15.939119045930944,3.418077913431204,2.9110961294003386
4,78,10.626079363953963,0.14482921834094423,2.260690739005353
4,79,13.282599204942455,3.5813879566509557,2.0991841308529455
4,80,15.939119045930944,3.4302866667607788,2.346058106256558
4,81,10.626079363953963,0.0,2.5764986307047453
4,82,10.626079363953963,2.3910303503603907,2.5626837583156417
4,83,18.595638886919435,5.0718012598475,2.4013512588763
4,84,10.626079363953963,0.0,2.3494926872966033
4,85,7.969559522965472,0.0,2.3412822076080078
4,86,10.626079363953963,2.672700229825152,2.226124764702273
4,87,10.626079363953963,2.519859134466554,2.2234475602016097
4,88,10.626079363953963,1.7763760065061625,2.276913940326471
4,89,7.969559522965472,0.7216908781509466,1.978117889643759
4,90,10.626079363953963,3.0208638847779454,1.5566135212167804
5,1,8.70871622965221,5.492875401107247,0.0
5,2,5.805810819768139,0.0,0.0068786341316782965
5,3,8.70871622965221,0.0,0.038804022389646003
5,4,2.9029054098840694,0.0,0.15487323693247376
5,5,2.9029054098840694,0.0,0.4373217699450089
5,6,2.9029054098840694,0.37318298771851127,0.8736770176230276
5,7,5.805810819768139,2.8357149537597794,1.2353503502191303
5,8,2.9029054098840694,0.39054943083612104,1.2410704612991106
5,9,2.9029054098840694,2.52654416648448,0.9047208039872932
5,10,20.32033786918849,7.533906476935153,0.5529099480926944
5,11,14.514527049420348,0.0,0.47829400835480496
5,12,17.41743245930442,0.0,0.7292933851831517
5,13,5.805810819768139,0.0,1.2039822293715308
5,14,5.805810819768139,0.0,1.7863549918095254
5,15,2.9029054098840694,0.0,2.334873701537566
5,16,11.611621639536278,5.254444022646137,2.560154498942933
5,17,8.70871622965221,0.9534643452027206,2.2158655319543907
5,18,5.805810819768139,0.0,1.4692952243447543
5,19,8.70871622965221,2.186492162031741,0.8322539280395818
5,20,11.611621639536278,2.217801232463058,0.6787184639658754
5,21,8.70871622965221,0.014169722616776412,0.9862744892266283
5,22,8.70871622965221,2.7064860497306578,1.4197031970754388
5,23,17.41743245930442,5.76846924717312,1.6357345509825238
5,24,8.70871622965221,0.0,1.6011979568837058
5,25,17.41743245930442,4.613234186088308,1.5324952477188432
5,26,14.514527049420348,1.45108330793069,1.6003694309901682
5,27,20.32033786918849,2.587355411414088,1.837714361704291
5,28,17.41743245930442,0.0,2.2128713698839544
5,29,5.805810819768139,0.0,2.5734499753452083
5,30,8.70871622965221,1.0425040258551326,2.7286761260633607
5,31,14.514527049420348,5.246925031663913,2.6270282817637858
5,32,11.611621639536278,3.246411544505908,2.327273872651765
5,33,20.32033786918849,6.471656521172306,1.8939745561794072
5,34,17.41743245930442,0.8466161683191362,1.4858869414408356
5,35,14.514527049420348,0.3240076875983441,1.386229780580037
5,36,20.32033786918849,4.732810912840624,1.7957507045838812
5,37,20.32033786918849,2.355709737053327,2.566637425085153
5,38,14.514527049420348,0.0,3.2376280964318966
5,39,17.41743245930442,3.6046536230190767,3.416109472864577
5,40,14.514527049420348,1.3674234039005324,3.1080346634137084
5,41,11.611621639536278,0.0,2.673816610407921
5,42,8.70871622965221,0.5533103669778898,2.4026496610761288
5,43,11.611621639536278,4.663082148414947,2.2507600011304185
5,44,17.41743245930442,6.903819469911873,2.0737951587178345
5,45,23.223243279072555,4.447131309183269,1.8597871711736398
5,46,17.41743245930442,0.0,1.6720142973561918
5,47,14.514527049420348,0.0,1.6663573929715838
5,48,14.514527049420348,1.437434568481336,2.0681844779382765
5,49,20.32033786918849,4.784232515683761,2.84013912405125
5,50,11.611621639536278,1.2296420236532117,3.4759355620215464
5,51,23.223243279072555,8.740938367571179,3.427654891243048
5,52,20.32033786918849,2.9692247777940937,2.755419034554769
5,53,20.32033786918849,1.878378565838556,2.102059926390588
5,54,23.223243279072555,2.033656313103429,2.034154878175377
5,55,17.41743245930442,0.0,2.5697629592729605
5,56,11.611621639536278,0.0,3.314735436686726
5,57,23.223243279072555,6.647370576547146,3.801678125478878
5,58,8.70871622965221,0.0,3.718643238094536
5,59,17.41743245930442,6.043279765707116,3.093490990119471
5,60,20.32033786918849,4.507698089820182,2.3129406010225213
5,61,20.32033786918849,0.0,1.8310705101629647
5,62,11.611621639536278,0.0,1.879566376956696
5,63,17.41743245930442,3.082122030172053,2.3494654499802157
5,64,14.514527049420348,1.3768532280602455,2.8927265993203197
5,65,11.611621639536278,2.0562128892483296,3.173124045585885
5,66,17.41743245930442,5.5482505771841595,3.0030103411319717
5,67,14.514527049420348,2.096700244601739,2.467728425192772
5,68,17.41743245930442,3.617225459143401,1.944728444921594
5,69,23.223243279072555,3.3974887997396626,1.7889921507061564
5,70,14.514527049420348,0.0,2.0299442123425058
5,71,14.514527049420348,0.22148338399128212,2.4768557262610016
5,72,11.611621639536278,1.5855197510979944,2.8971834207546583
5,73,14.514527049420348,3.7898680302507413,3.0916658377629287
5,74,11.611621639536278,0.2529361831546683,2.9539492811205306
5,75,5.805810819768139,0.0,2.513229726937661
5,76,17.41743245930442,5.135100153957085,1.9488713839453995
5,77,14.514527049420348,0.0,1.5465462775388712
5,78,2.9029054098840694,0.0,1.459703080925138
5,79,5.805810819768139,0.0,1.5526876083221877
5,80,8.70871622965221,3.098099647845639,1.616073584299947
5,81,11.611621639536278,2.931321964090993,1.617049443759609
5,82,5.805810819768139,0.03936923461041404,1.5682415713731224
5,83,14.514527049420348,5.506645141099306,1.4010312828925808
5,84,17.41743245930442,1.445935922669107,1.1891433019577324
5,85,8.70871622965221,0.0,1.183345211206714
5,86,8.70871622965221,0.0,1.4764590922241612
5,87,11.611621639536278,0.9279303566344821,1.8772320007901626
5,88,5.805810819768139,0.0,2.159209456182297
5,89,5.805810819768139,1.2194800147875025,2.1962745493698055
5,90,8.70871622965221,3.829528183315502,1.9177321692335616
6,1,15.431484872874472,10.490531594377687,0.0
6,2,6.172593949149789,0.0,0.02832059242794902
6,3,15.431484872874472,4.036705272080181,0.22466156287947306
6,4,15.431484872874472,1.8995062621138754,0.9971231406834811
6,5,12.345187898299578,1.9388902846478306,2.4873443634385373
6,6,21.604078822024263,6.266286464550572,3.6459890243243382
6,7,9.258890923724683,0.0,3.5546612139668166
6,8,21.604078822024263,8.087586528494143,2.975761309444247
6,9,18.517781847449367,4.083538073887811,2.783413611343547
6,10,24.690375796599156,6.751758455148542,3.0521344932111765
6,11,24.690375796599156,5.732229705340253,3.497559534051481
6,12,30.862969745748945,6.857509088742722,4.055875185908975
6,13,24.690375796599156,1.46795222265735,4.8272169962502
6,14,21.604078822024263,3.247325428375769,5.4717108445574425
6,15,27.776672771174056,6.7435679629015,5.7765749018558425
6,16,15.431484872874472,0.9676556289827369,5.650645499122262
6,17,27.776672771174056,9.667491123244583,4.945923016928778
6,18,21.604078822024263,4.710499942514131,4.133645434730361
6,19,33.94926672032384,9.341418713940994,3.9686157934475235
6,20,24.690375796599156,2.901397135982282,4.368144809540112
6,21,37.035563694898734,10.61067856841436,5.050891549596639
6,22,33.94926672032384,5.012369855083906,5.941105800725979
6,23,27.776672771174056,3.8241637786726,6.544948449911043
6,24,37.035563694898734,10.736164794615833,6.669132559310357
6,25,33.94926672032384,6.994877944562664,6.681857027950586
6,26,37.035563694898734,8.193209699364246,6.6782591567565
6,27,37.035563694898734,6.90741863439685,6.502107266600603
6,28,37.035563694898734,6.425432077853772,6.707154568317581
6,29,33.94926672032384,6.9383315554877125,7.408591307379135
6,30,43.208157644048526,10.775732534094137,7.771612578550871
6,31,30.862969745748945,3.5640478223450285,7.576719899230255
6,32,43.208157644048526,12.287128908935463,7.24960322955932
6,33,40.121860669473634,7.553349439155512,7.2061836773497765
6,34,40.121860669473634,8.327421336303404,7.520671226442071
6,35,46.29445461862342,11.616358357421593,7.8200838639884545
6,36,46.29445461862342,9.934868202835887,8.08945011657126
6,37,49.38075159319831,10.54151582574205,8.548496239665706
6,38,49.38075159319831,7.76840460713473,8.944548229206761
6,39,40.121860669473634,4.5148758207304045,9.37563164595049
6,40,46.29445461862342,11.896858246127422,9.88927480985524
6,41,46.29445461862342,10.375265156427137,9.947203353673876
6,42,43.208157644048526,7.580271341774355,9.277235786665525
6,43,43.208157644048526,9.183418828138121,8.389716438712814
6,44,50.0,12.519840993925435,8.274759706997196
6,45,49.38075159319831,9.66266657370514,8.97883322759048
6,46,49.38075159319831,8.78987957011033,9.410090273226313
6,47,46.29445461862342,8.153189056285964,9.437596210547186
6,48,49.38075159319831,10.65888664451231,9.770653027088033
6,49,46.29445461862342,9.183647169526862,10.144203450187783
6,50,49.38075159319831,11.276933024911683,9.90625699528623
6,51,50.0,8.567462275991316,9.390471968965558
6,52,40.121860669473634,3.723958928802685,9.273922970867993
6,53,43.208157644048526,10.199970997746659,9.552317094249995
6,54,46.29445461862342,12.73510871602479,9.722485346549364
6,55,49.38075159319831,11.409259498509764,9.319202518896534
6,56,46.29445461862342,7.182729964688907,8.43210156188631
6,57,46.29445461862342,8.47425467048962,8.175823000775184
6,58,50.0,10.777863841615936,9.21123440555197
6,59,46.29445461862342,7.239296333334917,10.294504262005983
6,60,40.121860669473634,6.030111808660634,10.160172819037033
6,61,43.208157644048526,10.727884707703437,9.356257157445762
6,62,46.29445461862342,10.486755826348043,8.914860668217939
6,63,40.121860669473634,6.086484865850275,8.676287087477494
6,64,43.208157644048526,9.12195682188496,8.291813196955195
6,65,43.208157644048526,8.074767627625498,8.309432305841487
6,66,40.121860669473634,6.233044138352254,8.789089999207995
6,67,37.035563694898734,6.7151118990861365,8.857736602849219
6,68,40.121860669473634,8.822132938277079,8.41462120044268
6,69,33.94926672032384,7.071330767157178,8.019990077796049
6,70,46.29445461862342,14.029499383334954,7.650686472010391
6,71,43.208157644048526,6.53746279759055,7.326075622510206
6,72,37.035563694898734,2.2532221801848884,7.453530433867046
6,73,33.94926672032384,4.704005528835979,8.105394981574866
6,74,33.94926672032384,8.602692401866491,8.851740450247249
6,75,37.035563694898734,8.671250565075495,8.740742587405778
6,76,24.690375796599156,3.0799389724161435,7.247261188724454
6,77,40.121860669473634,13.565117482798588,5.755943079272757
6,78,40.121860669473634,7.286207140644723,5.775243123587086
6,79,33.94926672032384,0.92245787283974,6.685011374273628
6,80,24.690375796599156,0.09551342862392324,7.2720072727321075
6,81,24.690375796599156,6.611957061546478,7.644319091093995
6,82,27.776672771174056,8.992286208595026,7.650577277159934
6,83,24.690375796599156,5.378554893634623,6.2187740840592305
6,84,27.776672771174056,6.128634304000822,4.162319814431353
6,85,30.862969745748945,4.430887507549469,3.710897702994603
6,86,21.604078822024263,0.0,5.033517597947813
6,87,18.517781847449367,3.2411911684117287,6.218399827777349
6,88,24.690375796599156,8.624866627919815,6.155874338442229
6,89,21.604078822024263,3.8927109905265014,5.201635314905909
6,90,18.517781847449367,1.331348127953541,3.975892371197711
7,1,5.963913829348618,5.146273960088574,0.0
7,2,5.963913829348618,1.1654414002398252,0.007386291420724925
7,3,5.963913829348618,0.0,0.035564467921999486
7,4,5.963913829348618,0.39436915226580527,0.1255601488787324
7,5,11.927827658697236,1.4553818673204806,0.3380900733373521
7,6,2.981956914674309,0.0,0.6963426511742484
7,7,8.945870744022928,2.3343604314708015,1.1006209689633117
7,8,8.945870744022928,3.0193262423306373,1.3548240801898488
7,9,14.909784573371546,5.852589260101479,1.341366785810296
7,10,17.891741488045856,3.8615743983140596,1.1640247476758319
7,11,14.909784573371546,0.6164716401782514,1.0548173653295774
7,12,17.891741488045856,3.1718304481852697,1.1907117066449915
7,13,20.873698402720162,3.412755552015993,1.616435822519072
7,14,23.855655317394472,0.42608146348547044,2.2369279694748117
7,15,8.945870744022928,0.0,2.829551699735877
7,16,17.891741488045856,4.254134416948268,3.1528393295400177
7,17,23.855655317394472,1.7894042282405815,3.115051144795602
7,18,2.981956914674309,0.0,2.8287652347537593
7,19,17.891741488045856,6.684418463906259,2.468206143043879
7,20,20.873698402720162,6.587127597926272,2.1475394863695714
7,21,26.837612232068782,6.072984716598562,1.9403358370881583
7,22,23.855655317394472,1.3112177589245622,1.928816590464916
7,23,26.837612232068782,1.2523809871655724,2.1573400811872196
7,24,17.891741488045856,0.0,2.6340851061130093
7,25,23.855655317394472,5.656495099981875,3.3005970069116692
7,26,26.837612232068782,8.083709197724833,3.938947728980609
7,27,35.78348297609171,8.436120733088908,4.206235196846684
7,28,26.837612232068782,0.0,3.9425879070307874
7,29,23.855655317394472,0.0,3.4145535246096776
7,30,23.855655317394472,3.2413335033139083,3.153968808468699
7,31,29.819569146743092,8.02998872141621,3.473769624767044
7,32,32.8015260614174,7.727594553387751,4.140695136295015
7,33,35.78348297609171,5.347316519085916,4.569289961667768
7,34,26.837612232068782,0.2506380577410312,4.418062163678865
7,35,32.8015260614174,6.590590194562268,3.959596333911607
7,36,35.78348297609171,6.380258338137366,3.8006370092561195
7,37,32.8015260614174,3.501733686997548,4.195832431383108
7,38,35.78348297609171,4.390008644185049,4.806586562245371
7,39,26.837612232068782,0.31250054325762316,5.132580160819597
7,40,29.819569146743092,5.389802629561936,5.05051346717476
7,41,29.819569146743092,6.43927270295225,4.82044956950704
7,42,35.78348297609171,8.08484720891206,4.65477261543679
7,43,32.8015260614174,4.155128841946081,4.500472475571432
7,44,35.78348297609171,5.076759747220856,4.271295787513855
7,45,32.8015260614174,3.299169301492522,4.099711361669446
7,46,35.78348297609171,5.644114123192875,4.221892656504781
7,47,35.78348297609171,4.5957937069203405,4.671758964094923
7,48,32.8015260614174,3.452620348084567,5.1795886428673255
7,49,32.8015260614174,6.373677245090869,5.415287129074527
7,50,41.747396805440324,9.282370690656121,5.300648726269746
7,51,32.8015260614174,1.5185248937313593,5.020102440214974
7,52,35.78348297609171,5.005841013445593,4.800091027012099
7,53,35.78348297609171,4.6218046292824235,4.760565576943131
7,54,32.8015260614174,3.374040901760336,4.896431164591053
7,55,32.8015260614174,5.7773276931124755,5.129908504627044
7,56,38.76543989076602,7.918066303899896,5.301093229179495
7,57,32.8015260614174,2.4890892639822146,5.256486982397029
7,58,32.8015260614174,4.501305971046514,5.0074338519351205
7,59,35.78348297609171,7.011628484402611,4.758264127529538
7,60,41.747396805440324,5.61596600546592,4.695439795754841
7,61,26.837612232068782,0.0,4.83009609058417
7,62,32.8015260614174,5.535793997783937,5.01448350050501
7,63,32.8015260614174,6.163124528627705,5.103413458046758
7,64,35.78348297609171,5.561812255235164,5.067756433614275
7,65,26.837612232068782,1.2113198312822513,4.956510819726455
7,66,35.78348297609171,7.135342032940456,4.777400184658054
7,67,26.837612232068782,1.7150797106150417,4.566485483704778
7,68,35.78348297609171,6.038823083588586,4.432704904762641
7,69,23.855655317394472,0.0,4.450607348580307
7,70,23.855655317394472,1.990423204072836,4.513919253498164
7,71,23.855655317394472,3.9804225893588274,4.47304134110799
7,72,23.855655317394472,4.468015019852118,4.292951542662837
7,73,23.855655317394472,5.17674219130994,4.020061705531808
7,74,29.819569146743092,6.291877832281071,3.678050198084563
7,75,26.837612232068782,0.0,3.3190178906400876
7,76,17.891741488045856,0.0,3.090271291117701
7,77,20.873698402720162,3.0751327597312974,3.1544080397217327
7,78,23.855655317394472,4.61716741971183,3.4796671666274426
7,79,17.891741488045856,1.576413899500254,3.8001940921922137
7,80,23.855655317394472,4.5039348343978665,3.8017289605363143
7,81,14.909784573371546,0.0,3.4111009681563873
7,82,17.891741488045856,3.5186865155280542,2.865821485198366
7,83,20.873698402720162,5.183287913987099,2.5269512714838283
7,84,26.837612232068782,3.784286757721804,2.517253914172543
7,85,14.909784573371546,0.0,2.6693287472127953
7,86,17.891741488045856,1.3693715174448349,2.775804476127031
7,87,17.891741488045856,2.6769660666989643,2.813193576036931
7,88,17.891741488045856,3.51431150162168,2.874202170341072
7,89,20.873698402720162,4.361572531742774,2.9631324510056745
7,90,17.891741488045856,1.4126298701778779,2.9411083118662433
8,1,14.849052233579666,11.08458981493404,0.0
8,2,8.9094313401478,0.0,0.008143270509282506
8,3,11.879241786863734,0.060569828182178806,0.03555620856867751
8,4,11.879241786863734,0.0,0.12379659083372767
8,5,8.9094313401478,0.0,0.34352305363245744
8,6,11.879241786863734,1.163859300250999,0.7599324251722288
8,7,8.9094313401478,0.46954739094471803,1.3411344983946325
8,8,11.879241786863734,3.6785620255589917,1.8888696053897873
8,9,14.849052233579666,3.2754543639678277,2.1309407308999253
8,10,8.9094313401478,0.0,1.9464160357311757
8,11,14.849052233579666,4.038932821065503,1.4957529232988325
8,12,14.849052233579666,2.975570366083355,1.0956981363728628
8,13,20.78867312701153,3.642447305282731,0.9733640477100372
8,14,14.849052233579666,0.0,1.1545721822599906
8,15,17.8188626802956,1.3222637124501395,1.513737276817111
8,16,14.849052233579666,0.0,1.8942342438027373
8,17,11.879241786863734,0.7841239214741251,2.1917217836302245
8,18,17.8188626802956,6.618070150012139,2.377518397540985
8,19,23.758483573727467,7.328788971005209,2.4355065026849023
8,20,23.758483573727467,3.4710040479414586,2.3419060788573938
8,21,26.7282940204434,1.6420663981229802,2.1134739280863446
8,22,17.8188626802956,0.0,1.8798326520232962
8,23,23.758483573727467,4.080321138366769,1.852213971923191
8,24,26.7282940204434,3.851914322775804,2.176464749984967
8,25,20.78867312701153,0.11679304011012655,2.779942074997745
8,26,23.758483573727467,3.40194188039593,3.3674277879126158
8,27,20.78867312701153,2.5760839036459857,3.6244778439018104
8,28,23.758483573727467,5.421716384639701,3.464769402411466
8,29,26.7282940204434,5.921348434396538,3.07806328583591
8,30,32.667914913875265,3.973857057753234,2.7356575586559426
8,31,20.78867312701153,0.0,2.5776968366538875
8,32,23.758483573727467,1.3569015935228061,2.6016948339778647
8,33,23.758483573727467,3.609258238743987,2.7747471814037823
8,34,29.698104467159332,6.418919706169136,3.0731172964264335
8,35,26.7282940204434,4.17874768300415,3.417336486106071
8,36,35.6377253605912,8.252838519771034,3.642634741559824
8,37,32.667914913875265,4.2614600155667635,3.6189679768861915
8,38,38.60753580730713,5.380122178410477,3.399047813127478
8,39,32.667914913875265,0.0,3.2264079452359784
8,40,26.7282940204434,0.11259252844098569,3.3450458023802314
8,41,35.6377253605912,7.2476199886333195,3.79402698255224
8,42,29.698104467159332,3.2546022421337795,4.374155701086819
8,43,35.6377253605912,7.029887794874897,4.789394404923756
8,44,32.667914913875265,5.004973383098727,4.831314308664178
8,45,38.60753580730713,7.503647022444532,4.491672496064772
8,46,38.60753580730713,3.2212687397403763,3.982474069521656
8,47,35.6377253605912,0.0,3.6235091053310557
8,48,23.758483573727467,0.0,3.6417034561284813
8,49,32.667914913875265,6.388981388591633,4.019357283994799
8,50,32.667914913875265,6.478330595101447,4.520959933107073
8,51,38.60753580730713,6.57731943386877,4.851789031982717
8,52,26.7282940204434,0.0,4.81608465757254
8,53,35.6377253605912,7.162125560505391,4.414375950035331
8,54,32.667914913875265,2.8932172990668046,3.8701349832950864
8,55,29.698104467159332,1.815109607011615,3.516784029010271
8,56,32.667914913875265,4.894352341137971,3.559487959736178
8,57,32.667914913875265,4.618935541926658,3.90485007538517
8,58,32.667914913875265,4.9041657860966055,4.255305699216904
8,59,35.6377253605912,5.730880937356885,4.376420368066126
8,60,32.667914913875265,3.3459841478253423,4.26353707942935
8,61,35.6377253605912,4.730558922241206,4.063145883017698
8,62,32.667914913875265,2.6447160605219673,3.9328517426626326
8,63,32.667914913875265,4.5766534572914175,3.9531278992526984
8,64,41.57734625402306,6.436013286141968,4.1135204650556
8,65,26.7282940204434,0.0,4.321840591738354
8,66,32.667914913875265,4.214948368768685,4.459319458347595
8,67,29.698104467159332,2.5947844022617885,4.462294317449013
8,68,26.7282940204434,3.0733400590294817,4.353287528033727
8,69,32.667914913875265,6.100197414382666,4.199990142445455
8,70,26.7282940204434,0.3695982826555405,4.049696550590355
8,71,20.78867312701153,0.964084925808806,3.8846484332587243
8,72,32.667914913875265,7.597101633024532,3.681496339763023
8,73,20.78867312701153,0.0,3.472259086335672
8,74,23.758483573727467,2.2840676618990097,3.3169958093986733
8,75,20.78867312701153,2.020670415668598,3.2376390033154108
8,76,23.758483573727467,4.401123573143558,3.1853628975703825
8,77,23.758483573727467,2.445640055816074,3.1058613745328776
8,78,17.8188626802956,0.0,2.9986906286824255
8,79,20.78867312701153,4.24341764614566,2.890111476930654
8,80,26.7282940204434,4.224256950400959,2.7883487721320344
8,81,14.849052233579666,0.0,2.6907789691977917
8,82,20.78867312701153,2.825804552753122,2.6113946671623047
8,83,17.8188626802956,1.7058543682506893,2.5703763617621527
8,84,20.78867312701153,3.974589322478621,2.5534655215679574
8,85,20.78867312701153,2.478029275321997,2.541729156810988
8,86,20.78867312701153,0.09205527637223095,2.531723465125788
8,87,11.879241786863734,0.0,2.5122959476419697
8,88,14.849052233579666,1.2603831459668529,2.46552908505524
8,89,11.879241786863734,1.0331907177942996,2.3984731663385728
8,90,14.849052233579666,3.9505673320013863,2.3273337392188096
9,1,6.153025736593539,5.2040989018212676,0.0
9,2,6.153025736593539,1.145332979893324,0.003345445605995531
9,3,6.153025736593539,0.0,0.013037308132490922
9,4,6.153025736593539,0.004307192143208728,0.04072888593262993
9,5,6.153025736593539,1.5883171426723437,0.10716267387229826
9,6,18.459077209780617,4.746377023351418,0.23855520546572137
9,7,6.153025736593539,0.0,0.4505214080874005
9,8,12.306051473187077,1.0475231049190492,0.7216120820890062
9,9,15.382564341483846,0.41119676477292444,0.9936821799959352
9,10,6.153025736593539,0.0,1.1990149239346501
9,11,12.306051473187077,3.530866938719417,1.310725180430738
9,12,18.459077209780617,4.482825570755522,1.359929135104946
9,13,15.382564341483846,0.0,1.3938432488420143
9,14,9.229538604890308,0.0,1.4245741116654926
9,15,15.382564341483846,2.342916998504202,1.4323738212445016
9,16,9.229538604890308,0.0,1.4113940673701755
9,17,18.459077209780617,5.467087542300711,1.396596043886937
9,18,18.459077209780617,0.3199262044332615,1.4382336354957048
9,19,9.229538604890308,0.0,1.5361823741725678
9,20,15.382564341483846,4.545766794472827,1.6382159322042655
9,21,24.612102946374154,7.05853219525838,1.684334518290402
9,22,27.688615814670925,0.0,1.67087271714142
9,23,12.306051473187077,0.0,1.6506565371175521
9,24,15.382564341483846,0.0,1.68739572973489
9,25,15.382564341483846,0.24260133821909527,1.8053363502206723
9,26,15.382564341483846,3.509953789659141,1.98324701714072
9,27,27.688615814670925,7.475612676152396,2.1805375697360665
9,28,15.382564341483846,0.0,2.3385426300016867
9,29,21.535590078077384,3.7065079156791096,2.3811297602763064
9,30,24.612102946374154,2.4690182421280293,2.268633697722212
9,31,15.382564341483846,0.0,2.0491532426930403
9,32,21.535590078077384,4.483913940946532,1.8616225323721236
9,33,27.688615814670925,5.357539056006651,1.850957769881795
9,34,21.535590078077384,0.16480779874359047,2.051734072531697
9,35,30.765128682967692,3.333461100021733,2.3578747201814574
9,36,21.535590078077384,0.0,2.6193404441722357
9,37,15.382564341483846,0.0,2.742175538972678
9,38,18.459077209780617,3.0611922002428478,2.7440009401338297
9,39,24.612102946374154,7.185920816476922,2.7017706586403514
9,40,27.688615814670925,4.707478897225853,2.666113051790499
9,41,21.535590078077384,0.0,2.6183821803442093
9,42,24.612102946374154,2.387861351212809,2.517794545171458
9,43,21.535590078077384,2.08395739127769,2.3712565668507324
9,44,27.688615814670925,7.868932024633864,2.2564540861408706
9,45,39.994667287858,9.48208408287649,2.27758286258847
9,46,33.841641551264466,0.0,2.4744642376551527
9,47,30.765128682967692,0.0,2.772896155497199
9,48,24.612102946374154,0.0,3.0572748730875627
9,49,27.688615814670925,3.6474676935200803,3.2636130203197653
9,50,30.765128682967692,5.511692013332575,3.4268400769674963
9,51,30.765128682967692,3.2167522959838597,3.6086227702423224
9,52,24.612102946374154,1.0252207076222464,3.782825354293541
9,53,30.765128682967692,5.773124493008716,3.8241829431691685
9,54,27.688615814670925,1.600167923802251,3.6377103648854603
9,55,21.535590078077384,0.6563440203929455,3.270747080216104
9,56,30.765128682967692,8.19683815305872,2.9081901264313204
9,57,33.841641551264466,5.87699850744848,2.7274508128683888
9,58,30.765128682967692,1.5280272090957605,2.7639873437110065
9,59,30.765128682967692,2.4025856181113974,2.9205461424014785
9,60,30.765128682967692,3.6053305357847005,3.080445368805542
9,61,33.841641551264466,4.160958395816815,3.2024863334091904
9,62,27.688615814670925,0.15966050632749895,3.3177885610885816
9,63,30.765128682967692,2.0529568848561657,3.4653095324485896
9,64,21.535590078077384,0.0,3.6309496441013227
9,65,24.612102946374154,3.6347580704008484,3.7360657401393906
9,66,24.612102946374154,4.154887377675909,3.7062677271138513
9,67,24.612102946374154,4.177980039017678,3.5214003914419774
9,68,30.765128682967692,3.9226484261132053,3.226303968858612
9,69,18.459077209780617,0.0,2.8923064025560303
9,70,21.535590078077384,1.2590129594083528,2.586760118679608
9,71,21.535590078077384,2.746489771674516,2.3756504569626893
9,72,24.612102946374154,3.8486510030759224,2.316360172088512
9,73,21.535590078077384,1.1342063769557655,2.4152248441515374
9,74,21.535590078077384,1.4821586258924415,2.600532779845795
9,75,24.612102946374154,0.1090916998320536,2.753964008473146
9,76,9.229538604890308,0.0,2.776618669397726
9,77,15.382564341483846,3.780383560230014,2.6557225245356495
9,78,24.612102946374154,7.034597113209569,2.4601352838244317
9,79,18.459077209780617,0.0,2.2688994110063483
9,80,15.382564341483846,0.0,2.108924098477611
9,81,21.535590078077384,2.9301539671671213,1.9661050076834934
9,82,15.382564341483846,0.0,1.8420576986945096
9,83,12.306051473187077,0.0,1.7771691609985427
9,84,15.382564341483846,2.4534916018817974,1.8213042466404255
9,85,15.382564341483846,2.219622227148386,1.9607452363355329
9,86,15.382564341483846,1.3209410408435818,2.0986308461093226
9,87,12.306051473187077,0.0,2.1199222898189616
9,88,9.229538604890308,0.8973638084185722,1.9787462826482838
9,89,18.459077209780617,5.689630491717431,1.7332919755171514
9,90,12.306051473187077,0.0,1.4942507166285421
10,1,0.0,1.1658355313079418,0.0
10,2,8.99577259819551,3.5698645544628986,0.0034469052284060975
10,3,2.99859086606517,0.0,0.030948931049203314
10,4,2.99859086606517,0.0,0.13981775708564823
10,5,2.99859086606517,0.5909573247949155,0.42510398856419795
10,6,8.99577259819551,3.889832303748056,0.8715243271304054
10,7,8.99577259819551,0.3182869350076634,1.2141065963395732
10,8,2.99859086606517,0.0,1.195155060216315
10,9,5.99718173213034,0.17636989154066032,1.0127400066013688
10,10,2.99859086606517,0.0,1.055643225355873
10,11,2.99859086606517,0.5845215515560148,1.2484516378609156
10,12,2.99859086606517,2.1102513457797443,1.1788259797312846
10,13,8.99577259819551,5.2271396194664606,0.7922003982745995
10,14,11.99436346426068,4.346949301489835,0.45542467126064357
10,15,17.99154519639102,3.4210844993898077,0.474011237544977
10,16,11.99436346426068,0.0,0.9663952142862996
10,17,14.99295433032585,2.8767331504735187,1.8832012979707549
10,18,17.99154519639102,5.134318546894617,2.881961976267888
10,19,17.99154519639102,4.00361983457448,3.408099672033846
10,20,17.99154519639102,2.5330442069791923,3.2423162020844782
10,21,14.99295433032585,0.8340435820950889,2.8311724725721112
10,22,14.99295433032585,3.178989425892278,2.803935335784946
10,23,20.99013606245619,5.329050710741318,3.173783481685781
10,24,11.99436346426068,0.0,3.373270195822215
10,25,14.99295433032585,3.1550860516836226,3.1143403876533324
10,26,14.99295433032585,3.680149940342181,2.761193918560172
10,27,17.99154519639102,5.24296671465409,2.7095543527218235
10,28,23.98872692852136,4.20902345629595,2.819215315953085
10,29,11.99436346426068,0.0,2.8240152241063723
10,30,17.99154519639102,4.315896620078583,2.903258420708536
10,31,20.99013606245619,5.031843613313296,3.271014221345251
10,32,17.99154519639102,1.2562210472412345,3.628246481536495
10,33,11.99436346426068,0.08570353870345059,3.577012004632591
10,34,17.99154519639102,4.8568973097759605,3.258289281358885
10,35,11.99436346426068,2.5688205006998452,3.099157188520421
10,36,23.98872692852136,9.181158108462498,3.0363578301574177
10,37,20.99013606245619,3.649171498768052,2.7771557299510605
10,38,23.98872692852136,4.17014260001846,2.5748694900559026
10,39,23.98872692852136,3.9630035789480136,2.956705649739835
10,40,26.98731779458653,5.801897296199814,3.8764022090650054
10,41,26.98731779458653,5.062436442899049,4.737050730662718
10,42,26.98731779458653,3.49217989443357,5.025017552142732
10,43,17.99154519639102,0.702326409930216,4.830008164853482
10,44,26.98731779458653,7.620126071173554,4.640971507726469
10,45,20.99013606245619,3.473080344956199,4.625740303265433
10,46,26.98731779458653,6.768430319541035,4.496579808473532
10,47,23.98872692852136,2.5921789888208826,4.136872278191395
10,48,20.99013606245619,1.106414856209502,3.926538093847659
10,49,17.99154519639102,3.446043884594806,4.166608192082487
10,50,26.98731779458653,9.663134174554328,4.537846013487054
10,51,26.98731779458653,4.898990343651623,4.511883486692429
10,52,20.99013606245619,0.2980944520311637,4.036413928941403
10,53,20.99013606245619,3.6190258817204017,3.673758579357468
10,54,26.98731779458653,6.73975884885501,3.9979379972799167
10,55,20.99013606245619,2.149149664596342,4.673525414376813
10,56,20.99013606245619,4.855964871641095,4.773791858352793
10,57,26.98731779458653,7.66380398460518,4.207434824192141
10,58,26.98731779458653,3.292508096454842,3.8200285741805007
10,59,17.99154519639102,0.0,3.973394221949251
10,60,26.98731779458653,6.792191351059722,4.3062069958603955
10,61,17.99154519639102,0.21214090045125242,4.5871662617136355
10,62,14.99295433032585,2.7050738876998803,4.661326942157916
10,63,23.98872692852136,8.128596130592406,4.27594257289709
10,64,17.99154519639102,2.38591743631611,3.627696425025203
10,65,26.98731779458653,4.0710214860215,3.2044186360465727
10,66,11.99436346426068,0.0,3.1602312164231003
10,67,17.99154519639102,5.046707672337465,3.452836005881857
10,68,26.98731779458653,8.180719624209393,3.8924729805679994
10,69,17.99154519639102,0.051674970342665404,3.9863481710650284
10,70,17.99154519639102,2.0091574026841186,3.619256338674869
10,71,17.99154519639102,2.657332909588728,3.361874988293213
10,72,14.99295433032585,2.815069450606459,3.603266163120443
10,73,20.99013606245619,7.548138885230607,3.862583893879757
10,74,23.98872692852136,5.36608472728606,3.5377746456945633
10,75,17.99154519639102,0.0,2.950047957841019
10,76,14.99295433032585,0.0,2.86358586976079
10,77,14.99295433032585,2.33062635197792,3.438096394066183
10,78,14.99295433032585,2.633491554694823,4.069554108911554
10,79,11.99436346426068,0.0,3.9659356750160804
10,80,2.99859086606517,0.0,3.009412350048898
10,81,8.99577259819551,4.014703787084072,1.9752311478521105
10,82,11.99436346426068,4.088699605735228,1.5202208261297536
10,83,11.99436346426068,1.6129382197403888,1.4482811765547028
10,84,8.99577259819551,0.11364811564691493,1.3978225145342669
10,85,11.99436346426068,2.217328123151507,1.5277445880601055
10,86,8.99577259819551,0.13534563035131708,2.001888767699665
10,87,5.99718173213034,1.8289765431871394,2.4001848199244233
10,88,17.99154519639102,7.302393102547719,2.264583694877063
10,89,8.99577259819551,0.0,1.7816345856415066
10,90,11.99436346426068,1.4756305170525077,1.4597586998480896
11,1,12.489171945861912,9.069832579241115,0.0
11,2,6.244585972930956,0.0,0.0171402928733933
11,3,12.489171945861912,0.7680146442705517,0.0994091836413468
11,4,6.244585972930956,0.0,0.39156267218333496
11,5,9.366878959396434,1.496418426822305,1.0442852444437014
11,6,12.489171945861912,2.220137153243483,1.8969785356612459
11,7,9.366878959396434,0.0,2.370854725910005
11,8,0.0,0.0,2.107409810079963
11,9,12.489171945861912,6.3220759568819345,1.4938536133972538
11,10,12.489171945861912,2.2106486812599098,1.12027959401667
11,11,9.366878959396434,0.02850199845671093,1.089457214030245
11,12,12.489171945861912,3.3906005886042876,1.2072764664500972
11,13,15.61146493232739,3.5823379544754195,1.4587429663729266
11,14,12.489171945861912,1.1930614112279645,1.914295570787195
11,15,15.61146493232739,4.7487506080401785,2.3332186142489557
11,16,21.856050905258346,5.895313719277568,2.445130527854636
11,17,21.856050905258346,0.0,2.4063645443072073
11,18,9.366878959396434,0.0,2.5162832871438714
11,19,15.61146493232739,3.480259869353559,2.797760872404365
11,20,18.73375791879287,4.925887550267008,3.1116726729005717
11,21,15.61146493232739,2.1268684931502966,3.246058670828753
11,22,15.61146493232739,2.3955774871676523,2.980331667377185
11,23,15.61146493232739,1.7924487627773742,2.4862451045976757
11,24,12.489171945861912,1.030936044980443,2.295260235955694
11,25,15.61146493232739,4.8193062080333755,2.5543787216476947
11,26,24.978343891723824,5.220275274584708,2.8240695940746026
11,27,9.366878959396434,0.0,2.753286415275466
11,28,18.73375791879287,6.051915353725377,2.496361466793315
11,29,28.100636878189306,7.4630128834943985,2.4295689687388946
11,30,18.73375791879287,0.0,2.716189019788386
11,31,21.856050905258346,3.165055927366274,3.1674316453194264
11,32,21.856050905258346,3.7509300902991574,3.5344411610789916
11,33,21.856050905258346,3.8313248439573613,3.8260984243175273
11,34,21.856050905258346,3.4471098938738756,4.043769487268891
11,35,18.73375791879287,2.275955959076158,3.9541809995779
11,36,21.856050905258346,3.9703727041605146,3.573649366327085
11,37,15.61146493232739,2.446145511339642,3.3000485663207093
11,38,28.100636878189306,10.135018808478799,3.298405571284001
11,39,28.100636878189306,4.413008423573014,3.3641737966016776
11,40,21.856050905258346,0.6461552681533278,3.369842520205879
11,41,28.100636878189306,6.520992645151592,3.488305354715305
11,42,31.22292986465478,5.310209210837249,3.931731306415682
11,43,21.856050905258346,1.0852225221525595,4.575213961093477
11,44,31.22292986465478,9.447636700540668,4.946654385391029
11,45,31.22292986465478,7.806017351270429,4.797665351342758
11,46,37.46751583758574,7.9074700246053755,4.486843989237942
11,47,34.345222851120255,2.28669826855339,4.454008947217823
11,48,28.100636878189306,0.9496291147362956,4.770534696529519
11,49,34.345222851120255,5.380848385931203,5.397585026471597
11,50,21.856050905258346,0.0,6.105687653825827
11,51,18.73375791879287,3.537068639816538,6.294542984616124
11,52,28.100636878189306,11.223401274581686,5.586395107742346
11,53,31.22292986465478,8.269790452287383,4.382243183525344
11,54,31.22292986465478,4.315984102759909,3.4455069686170954
11,55,34.345222851120255,2.826916332546186,3.2273565905530996
11,56,24.978343891723824,0.0,3.8283519934839942
11,57,24.978343891723824,4.280985538319024,5.041893869676473
11,58,31.22292986465478,8.573377556056801,6.091299847428005
11,59,24.978343891723824,3.137408813947319,6.102352008214078
11,60,24.978343891723824,4.491999353358347,5.08184796674082
11,61,28.100636878189306,6.309657381361347,3.957399919962393
11,62,34.345222851120255,4.645557285600578,3.6121299428192213
11,63,18.73375791879287,0.0,4.0769928427387985
11,64,28.100636878189306,6.273385080616899,4.680806638894375
11,65,24.978343891723824,4.541783695558276,4.924018819022434
11,66,28.100636878189306,6.316547536184472,4.835645198696191
11,67,28.100636878189306,4.418597405024923,4.554559194895883
11,68,24.978343891723824,1.7331806571476616,4.193058683260739
11,69,21.856050905258346,1.5332129161877117,4.047088092808093
11,70,21.856050905258346,3.201708306448395,4.287398610618809
11,71,18.73375791879287,3.1057447937360343,4.595932510005479
11,72,21.856050905258346,5.359764597890327,4.498551734960964
11,73,18.73375791879287,3.101601865983396,3.9083648424789486
11,74,24.978343891723824,4.122792185716119,3.2030417108094524
11,75,12.489171945861912,0.0,2.860103807784883
11,76,28.100636878189306,8.962965933404076,3.0071473425242314
11,77,18.73375791879287,0.8458275517786381,3.390080224060522
11,78,21.856050905258346,3.7707681947476424,3.640437333935755
11,79,21.856050905258346,2.1197096410431353,3.6339376465615425
11,80,12.489171945861912,0.0,3.5539994728814017
11,81,24.978343891723824,6.880629474199808,3.592061645676751
11,82,15.61146493232739,0.0,3.6131681459814406
11,83,9.366878959396434,0.0,3.362902908184842
11,84,12.489171945861912,3.15640405874435,2.9198329964994287
11,85,18.73375791879287,4.006077709162564,2.5842462019535377
11,86,6.244585972930956,0.0,2.4543018730761874
11,87,21.856050905258346,7.2352116365372625,2.3265892827485555
11,88,12.489171945861912,0.0,2.092471948881108
11,89,12.489171945861912,0.578346069440257,2.0007226667559967
11,90,15.61146493232739,3.9254690010788633,2.2216806076738402
12,1,6.095310960858703,6.968659155850915,0.0
12,2,12.190621921717407,5.358086217452669,0.007072742169747606
12,3,15.238277402146759,1.9269908726668576,0.037135945196628876
12,4,12.190621921717407,0.0,0.13696401004409636
12,5,21.33358836300546,1.236901282328154,0.3945722266523084
12,6,15.238277402146759,0.0,0.8997512478593024
12,7,6.095310960858703,0.0,1.6279991746329252
12,8,9.142966441288056,0.8989549989825922,2.350604125422157
12,9,15.238277402146759,4.453980758403293,2.728701790792373
12,10,6.095310960858703,0.1743881981265172,2.580328104656634
12,11,18.285932882576112,8.331088388498483,2.037482612193566
12,12,21.33358836300546,4.115972995329694,1.4385154080715843
12,13,15.238277402146759,0.0,1.0763438461693347
12,14,24.381243843434813,5.0351372599212825,1.0870869085034516
12,15,24.381243843434813,0.48492672231385947,1.4657418791466617
12,16,15.238277402146759,0.0,2.091342643974941
12,17,15.238277402146759,0.6366356823802188,2.7652845914039808
12,18,18.285932882576112,6.097864085902317,3.249355008312679
12,19,27.428899323864165,9.162008236647589,3.370690177934061
12,20,24.381243843434813,3.133901003108236,3.1233012661397677
12,21,30.476554804293517,2.420824378468873,2.6795020624296737
12,22,21.33358836300546,0.0,2.310664905343331
12,23,21.33358836300546,0.0,2.276613114519692
12,24,12.190621921717407,0.0,2.68887132445349
12,25,27.428899323864165,10.846097387153582,3.362178803235024
12,26,30.476554804293517,7.7289997132023425,3.8566287741108134
12,27,27.428899323864165,3.3647601098518893,3.807296882686967
12,28,30.476554804293517,5.713140807965156,3.257093856974951
12,29,36.571865765152225,6.18202867692912,2.6629799374343963
12,30,33.52421028472287,0.2986357463944373,2.5562231530757447
12,31,27.428899323864165,0.0,3.134475318671003
12,32,30.476554804293517,5.441450603419242,4.117554051159827
12,33,36.571865765152225,6.6481685333487475,4.960495891473518
12,34,24.381243843434813,0.0,5.263366512640879
12,35,24.381243843434813,2.4319513759171465,4.988483642459689
12,36,24.381243843434813,6.020607819515854,4.369550198032627
12,37,36.571865765152225,10.604213333996588,3.728392564200357
12,38,30.476554804293517,4.583071847684248,3.3319630074054554
12,39,45.714832206440285,10.500614560711385,3.2632071155881386
12,40,39.61952124558157,0.5976493536523116,3.4280862009636706
12,41,33.52421028472287,0.0,3.7410676765164115
12,42,30.476554804293517,0.40870786145946975,4.250499756513602
12,43,30.476554804293517,4.040575849740995,4.963780679115701
12,44,30.476554804293517,6.885614148776909,5.636828627395592
12,45,36.571865765152225,10.965981880711409,5.864945247758685
12,46,42.66717672601092,9.31462316115747,5.419715234022223
12,47,36.571865765152225,1.0896056611027798,4.491260798196512
12,48,36.571865765152225,0.0,3.625747067912081
12,49,27.428899323864165,0.0,3.388222696510526
12,50,27.428899323864165,4.909456571234825,3.953754150396182
12,51,45.714832206440285,14.049667682035638,4.9537470000874455
12,52,33.52421028472287,2.483602565008729,5.699796538987449
12,53,39.61952124558157,6.645615633026318,5.668368441270643
12,54,36.571865765152225,3.215676735593278,4.927635883516556
12,55,33.52421028472287,2.986116841967049,4.106626711963438
12,56,39.61952124558157,7.681715346812734,3.8699466669246445
12,57,42.66717672601092,5.953699084824444,4.363038554420032
12,58,33.52421028472287,1.621029943341375,5.127133109899828
12,59,42.66717672601092,8.389757325418154,5.582420050110362
12,60,36.571865765152225,2.6994725686470358,5.544068130324113
12,61,33.52421028472287,3.444628653462922,5.253170512387755
12,62,39.61952124558157,7.75577120005987,5.031677910292806
12,63,36.571865765152225,4.181082310640945,4.980765903410283
12,64,36.571865765152225,3.482080074082333,4.997352697978439
12,65,30.476554804293517,1.4043948528425954,4.969517907294017
12,66,33.52421028472287,3.918236126972309,4.887183308793245
12,67,24.381243843434813,0.27001465948915643,4.806735216859803
12,68,27.428899323864165,6.665760824494798,4.7368436615233716
12,69,36.571865765152225,8.819132273592116,4.620605666639467
12,70,24.381243843434813,0.0,4.362379291033926
12,71,33.52421028472287,5.738152451114657,3.9553374539395176
12,72,24.381243843434813,0.0,3.5631824750816823
12,73,27.428899323864165,3.8159110240164784,3.402518031660265
12,74,27.428899323864165,3.4205296379403296,3.5664788061062818
12,75,24.381243843434813,1.4474075082441926,3.912294389470812
12,76,21.33358836300546,1.7939801926464392,4.1382587712654235
12,77,21.33358836300546,5.110855417514381,4.037663914465882
12,78,30.476554804293517,7.989832079366857,3.6636032610071885
12,79,24.381243843434813,0.0,3.2363623344770773
12,80,18.285932882576112,0.0,2.936391093102421
12,81,24.381243843434813,4.996042648159634,2.8238116417303525
12,82,27.428899323864165,2.766712922757206,2.8978713013859196
12,83,15.238277402146759,0.0,3.1161824335062653
12,84,21.33358836300546,2.9441426859710456,3.352200890564762
12,85,15.238277402146759,0.45086673008848926,3.4128482237931608
12,86,18.285932882576112,2.9720014257949847,3.2029056366841617
12,87,12.190621921717407,0.0,2.8474091757230604
12,88,15.238277402146759,2.195910275032962,2.5198473341495347
12,89,9.142966441288056,0.0,2.274847652202754
12,90,15.238277402146759,5.369962249337769,2.0625031813515102
13,1,0.0,1.8321530394873329,0.0
13,2,8.70871622965221,3.431692100265729,0.0009951574960975194
13,3,5.805810819768139,0.0,0.006090689603472495
13,4,2.9029054098840694,0.0,0.022517899788596654
13,5,5.805810819768139,0.0,0.06837226019928465
13,6,0.0,0.0,0.17058631404054658
13,7,14.514527049420348,2.7688900017137668,0.34983202460876717
13,8,8.70871622965221,0.0,0.59125839316442
13,9,2.9029054098840694,0.0,0.8235847258387239
13,10,0.0,0.0,0.9524896140210795
13,11,5.805810819768139,1.2688763872780575,0.9319710931257863
13,12,2.9029054098840694,0.0,0.8099576319233444
13,13,5.805810819768139,1.4200413336399729,0.6863580604800484
13,14,2.9029054098840694,0.18346297988304214,0.6255631278484864
13,15,11.611621639536278,3.213166446658617,0.6126491534445815
13,16,2.9029054098840694,0.0,0.5994076065500632
13,17,17.41743245930442,1.6949569001110427,0.5683188543206888
13,18,2.9029054098840694,0.0,0.550902371116894
13,19,2.9029054098840694,0.0,0.5862526420631646
13,20,5.805810819768139,0.14112653249095902,0.6857967252433466
13,21,8.70871622965221,1.1241016017549135,0.8254667681474208
13,22,2.9029054098840694,0.0,0.9600885239627921
13,23,8.70871622965221,2.3205577304708958,1.0358687661377162
13,24,2.9029054098840694,0.2969138630741471,1.0148362670884905
13,25,14.514527049420348,6.792754792785889,0.8996562910114799
13,26,11.611621639536278,0.8728180423022457,0.743090375123445
13,27,14.514527049420348,0.0,0.6218595484775765
13,28,8.70871622965221,0.0,0.6059597116374656
13,29,11.611621639536278,0.0,0.7321002882439963
13,30,5.805810819768139,0.0,0.9934065222674493
13,31,14.514527049420348,4.977411528433721,1.3337997109009816
13,32,14.514527049420348,1.5254682925862522,1.6429490088072687
13,33,8.70871622965221,0.0,1.7861500634984409
13,34,11.611621639536278,0.0,1.687800298391456
13,35,2.9029054098840694,0.0,1.410689062471397
13,36,17.41743245930442,7.364439438261902,1.1301407949777822
13,37,11.611621639536278,0.20979827082434319,1.011741331557721
13,38,17.41743245930442,1.4042725765839423,1.0822221707000876
13,39,8.70871622965221,0.0,1.2346593128603967
13,40,14.514527049420348,0.8878623195764881,1.3420288228025756
13,41,11.611621639536278,0.0,1.3841010911699756
13,42,5.805810819768139,0.0,1.4377330777902568
13,43,8.70871622965221,2.1658155020953616,1.5573721317945681
13,44,14.514527049420348,4.655616475798007,1.6759891216324894
13,45,11.611621639536278,0.24510258398663376,1.6674634446501277
13,46,8.70871622965221,0.0,1.4802433465447364
13,47,11.611621639536278,2.9756682619711508,1.1987720803823874
13,48,14.514527049420348,3.002509755168529,0.9750543967180408
13,49,11.611621639536278,0.5173481648564565,0.9242898939660273
13,50,17.41743245930442,2.6292009559163114,1.0604655032877575
13,51,11.611621639536278,0.0,1.3031585806023118
13,52,11.611621639536278,1.5380293090154027,1.5317559903477476
13,53,20.32033786918849,5.431175617116248,1.670830109999654
13,54,14.514527049420348,0.0,1.7316138159275845
13,55,17.41743245930442,0.0,1.7569986777773559
13,56,8.70871622965221,0.0,1.7693281011830004
13,57,8.70871622965221,0.0,1.7622867442303176
13,58,11.611621639536278,3.286131180085927,1.7425719750035489
13,59,14.514527049420348,3.280956164477261,1.7301858551456744
13,60,14.514527049420348,0.0,1.7125598861858957
13,61,5.805810819768139,0.0,1.6332044363594456
13,62,8.70871622965221,2.0616477937290827,1.4577461015443465
13,63,17.41743245930442,5.815818344563491,1.24133517059399
13,64,17.41743245930442,0.026429599042917057,1.1072965762728022
13,65,11.611621639536278,0.0,1.13299421749009
13,66,8.70871622965221,0.0,1.280394906443985
13,67,11.611621639536278,0.9548558341788477,1.443534954959074
13,68,11.611621639536278,0.0,1.5604802364626655
13,69,8.70871622965221,0.0,1.6401818289672634
13,70,0.0,0.0,1.6908013069865326
13,71,14.514527049420348,7.157294784715244,1.6590388727451868
13,72,11.611621639536278,0.5021815405216885,1.4814468524071458
13,73,11.611621639536278,0.0,1.178157437394987
13,74,5.805810819768139,0.0,0.8672060917440368
13,75,8.70871622965221,0.0,0.6810794735385248
13,76,11.611621639536278,0.0,0.69424923596989
13,77,0.0,0.0,0.8953331610328692
13,78,8.70871622965221,1.3636946375040089,1.182267976498119
13,79,2.9029054098840694,0.0,1.3901180100299455
13,80,5.805810819768139,1.783197978609189,1.3784093559206168
13,81,8.70871622965221,1.0969222595740287,1.1371646090750966
13,82,2.9029054098840694,0.0,0.7903105504916591
13,83,2.9029054098840694,0.0,0.5010177342073475
13,84,8.70871622965221,0.3556127429595406,0.3643136437093794
13,85,0.0,0.0,0.38032888281294974
13,86,2.9029054098840694,0.2952359685795283,0.48808869955368234
13,87,8.70871622965221,2.3024274718206064,0.6097602530956049
13,88,2.9029054098840694,0.0,0.6791061075307346
13,89,2.9029054098840694,0.052898988846987675,0.6646319907257043
13,90,8.70871622965221,4.425336624766846,0.5788316509718604
14,1,11.843598114609982,7.815056739677589,0.0
14,2,5.921799057304991,0.0,0.0038549637844838805
14,3,5.921799057304991,0.0,0.013864915887905612
14,4,11.843598114609982,3.390467930030347,0.04249394573735143
14,5,14.804497643262478,1.52075886652153,0.11265371767891896
14,6,11.843598114609982,0.0,0.2537586761641606
14,7,8.882698585957487,0.0,0.48955176567789294
14,8,14.804497643262478,2.481441562200257,0.8134156922314973
14,9,11.843598114609982,0.13009390537564072,1.1724593710049573
14,10,11.843598114609982,2.080827814870609,1.4791137829344103
14,11,20.726296700567467,4.6174886531703505,1.6576821294014263
14,12,11.843598114609982,0.0,1.6839756649540205
14,13,11.843598114609982,0.0,1.5903813708375085
14,14,11.843598114609982,1.6152561348748757,1.4447211597129723
14,15,17.765397171914973,4.948277716921528,1.3176155216029906
14,16,17.765397171914973,2.5635559801616683,1.2618300866583363
14,17,17.765397171914973,2.592935015248026,1.2959629048343242
14,18,23.687196229219964,4.992943096518795,1.4014909313644948
14,19,23.687196229219964,1.5836564926639969,1.5315873654552978
14,20,20.726296700567467,0.0,1.6596480563755192
14,21,17.765397171914973,0.0,1.7768599294377385
14,22,20.726296700567467,3.451952408764962,1.9163210184748052
14,23,23.687196229219964,4.965820930373017,2.109988690555486
14,24,29.608995286524955,3.983104733018442,2.3363380448668063
14,25,20.726296700567467,0.0,2.5259457637287244
14,26,17.765397171914973,0.0,2.6033643370382737
14,27,26.648095757872458,6.679565871908062,2.546905666572135
14,28,23.687196229219964,4.024218571106855,2.4032348636676315
14,29,32.56989481517745,6.644118548162654,2.269811515533711
14,30,26.648095757872458,0.07459921798408221,2.23733327361964
14,31,26.648095757872458,1.2280403076931379,2.317953680332106
14,32,26.648095757872458,2.397930791167315,2.466420491670411
14,33,29.608995286524955,2.5630312079211004,2.6265992766992814
14,34,20.726296700567467,0.0,2.785990074703498
14,35,29.608995286524955,6.402412302534653,2.9531414004925955
14,36,26.648095757872458,3.811418907172629,3.1158012348427473
14,37,41.45259340113493,5.192377424867243,3.2128127774708486
14,38,17.765397171914973,0.0,3.1739796110080363
14,39,20.726296700567467,0.1683637618393972,2.9958200548417273
14,40,32.56989481517745,8.803815279254822,2.7637572322452693
14,41,32.56989481517745,3.5711670321033617,2.604990822455028
14,42,26.648095757872458,0.14675932316089535,2.5989153633021127
14,43,32.56989481517745,6.898596465017859,2.7390890863321906
14,44,44.41349292978744,8.274041279026076,2.94524902656836
14,45,32.56989481517745,0.0,3.122800529476154
14,46,29.608995286524955,0.0,3.233668857392954
14,47,32.56989481517745,2.8999874598963964,3.3001412159456818
14,48,29.608995286524955,1.9430080226323458,3.3895929441963433
14,49,29.608995286524955,4.8253024527370805,3.5281226447915857
14,50,38.491693872482436,9.31641122780489,3.6921094770014165
14,51,38.491693872482436,4.319304465243582,3.8123279529249845
14,52,32.56989481517745,0.15935740858338301,3.8157885967424128
14,53,32.56989481517745,3.6197539254352145,3.670763758458683
14,54,41.45259340113493,6.279370497208658,3.4412825021940843
14,55,35.530794343829946,0.0,3.249972869999262
14,56,23.687196229219964,0.0,3.2270174947090644
14,57,32.56989481517745,5.072383917734719,3.404768097227183
14,58,32.56989481517745,4.5150877675370555,3.6897208967612016
14,59,32.56989481517745,3.207853276199272,3.9273521329881267
14,60,32.56989481517745,0.386361053339394,3.9828814349992494
14,61,17.765397171914973,0.0,3.827601089113072
14,62,32.56989481517745,8.924373473159015,3.5421776685092388
14,63,29.608995286524955,3.235375098461805,3.2423030634048504
14,64,29.608995286524955,0.8566915114035637,3.0050847885725065
14,65,23.687196229219964,0.0,2.8694538229185973
14,66,20.726296700567467,0.0,2.8268458084235357
14,67,23.687196229219964,3.266417687712208,2.831861778811368
14,68,20.726296700567467,2.8539320780291044,2.8464427017223213
14,69,29.608995286524955,6.014214006910184,2.858045986349239
14,70,20.726296700567467,0.0,2.851325593939449
14,71,20.726296700567467,1.9869328520370173,2.7884974450192823
14,72,26.648095757872458,5.655528491823328,2.6396336014329993
14,73,23.687196229219964,2.2994940892090887,2.424974574555242
14,74,26.648095757872458,3.126603735405451,2.220960977610977
14,75,23.687196229219964,0.7131107897216593,2.1307520711355212
14,76,23.687196229219964,1.2508779937230252,2.202845992661073
14,77,23.687196229219964,0.39039338971453635,2.390733623168415
14,78,14.804497643262478,0.0,2.600293152689405
14,79,23.687196229219964,5.40059266528037,2.751278106796547
14,80,20.726296700567467,0.26590451335265175,2.8055638115394372
14,81,17.765397171914973,0.0,2.7618509164772616
14,82,8.882698585957487,0.0,2.610682255326358
14,83,14.804497643262478,4.178095370224408,2.3624738696548433
14,84,20.726296700567467,5.737747953459514,2.062635150952615
14,85,20.726296700567467,0.7255047780205025,1.7812174056824823
14,86,11.843598114609982,0.0,1.5826769850773152
14,87,23.687196229219964,4.402368360985101,1.4862255357233942
14,88,14.804497643262478,0.0,1.4822542754104222
14,89,17.765397171914973,1.3060649113213503,1.5391772191379607
14,90,17.765397171914973,1.6799775453965908,1.6523008278288385
15,1,0.0,1.7501261872532232,0.0
15,2,11.611621639536278,4.667663804133453,0.001799794916296571
15,3,2.9029054098840694,0.0,0.01809891810030041
15,4,5.805810819768139,0.0,0.09847434236752331
15,5,8.70871622965221,1.7848565689910267,0.3594345075517279
15,6,5.805810819768139,0.3977030758447894,0.8850810125471249
15,7,8.70871622965221,2.2747830599357037,1.4737640075484184
15,8,5.805810819768139,0.16919438112315807,1.684057474891436
15,9,5.805810819768139,1.3893374833518632,1.4126035303053812
15,10,11.611621639536278,2.7773146482362434,1.0817506226535738
15,11,5.805810819768139,0.0,1.0091203655123353
15,12,5.805810819768139,0.0,1.0974122250881209
15,13,2.9029054098840694,0.0,1.1777889175876153
15,14,8.70871622965221,3.9957751550592473,1.2369639978545135
15,15,8.70871622965221,2.3040651743256344,1.2779641312245302
15,16,8.70871622965221,2.1461805305816064,1.1727219426650686
15,17,14.514527049420348,3.4643362361330636,0.9308740638840933
15,18,8.70871622965221,0.0,0.8971710883900739
15,19,14.514527049420348,2.5003712410516052,1.3174019084179365
15,20,8.70871622965221,0.09560098908487108,1.9382324858502151
15,21,14.514527049420348,5.1717048539543935,2.3219952896467944
15,22,14.514527049420348,2.863961473795765,2.3326515774106675
15,23,11.611621639536278,0.0,2.0936553502395374
15,24,8.70871622965221,0.0,1.8369374689756577
15,25,11.611621639536278,3.9412455026529636,1.8319212051684963
15,26,20.32033786918849,6.068747624455181,2.1202801187882208
15,27,11.611621639536278,0.0,2.344300938417928
15,28,11.611621639536278,0.0,2.155484871268739
15,29,8.70871622965221,0.3063829617721073,1.8475592142417516
15,30,11.611621639536278,4.740431680564061,2.006192570599419
15,31,20.32033786918849,7.805799941972811,2.4907991336888635
15,32,17.41743245930442,2.051982098315341,2.536024915891298
15,33,20.32033786918849,0.25532379046223436,1.9922294736310022
15,34,8.70871622965221,0.0,1.6861183611471566
15,35,14.514527049420348,3.078936913434026,2.269128578382387
15,36,17.41743245930442,4.9977234503973955,3.2758826812614474
15,37,17.41743245930442,3.575943160787073,3.619461328922107
15,38,17.41743245930442,1.6410077436884978,2.944860219568085
15,39,11.611621639536278,0.0,2.077134540474158
15,40,11.611621639536278,2.68507311924334,1.9397342864929923
15,41,20.32033786918849,6.553899713697901,2.5024671982906557
15,42,14.514527049420348,0.8618101629734186,2.986395901992246
15,43,17.41743245930442,4.270751226508836,2.853446813678229
15,44,26.126148688956626,5.4049918946784885,2.3964116951761545
15,45,14.514527049420348,0.0,2.301640404729722
15,46,14.514527049420348,0.0,2.7486888483001763
15,47,8.70871622965221,0.0,3.251945960841202
15,48,17.41743245930442,7.827360081562441,3.4358443397842655
15,49,23.223243279072555,5.619812601702512,3.294074220324868
15,50,17.41743245930442,0.0,2.7633392226594973
15,51,8.70871622965221,0.0,2.02642871287895
15,52,14.514527049420348,2.045891828694978,1.816455657486053
15,53,14.514527049420348,3.1338719248853537,2.5118841340724827
15,54,17.41743245930442,4.662519565224095,3.3434529917625757
15,55,14.514527049420348,3.3759801491396417,3.270027535205659
15,56,23.223243279072555,6.553894028980971,2.4285197999462524
15,57,17.41743245930442,1.6366824269379914,1.8751337264416346
15,58,26.126148688956626,6.872083717802345,2.156477931433154
15,59,26.126148688956626,3.822270049255771,2.937977180645327
15,60,23.223243279072555,1.161974799551875,3.688249107136496
15,61,20.32033786918849,1.4349636185031738,4.160213087526938
15,62,20.32033786918849,3.335061075053277,4.348847683595199
15,63,17.41743245930442,3.188644919977541,4.332327365098784
15,64,20.32033786918849,4.585879189128135,4.075126007615023
15,65,14.514527049420348,1.370724073767362,3.479388819171672
15,66,20.32033786918849,5.23668532144751,2.8084245661384357
15,67,20.32033786918849,3.1709958326059153,2.553802450248326
15,68,20.32033786918849,1.827543657668116,2.784516373309573
15,69,14.514527049420348,0.24839369431723377,3.134696380351677
15,70,17.41743245930442,3.5815535725474925,3.3212014873219657
15,71,11.611621639536278,1.4934759526750578,3.355911339942797
15,72,17.41743245930442,6.12670985463104,3.2411128050557525
15,73,20.32033786918849,4.665345689254954,2.864652285274742
15,74,20.32033786918849,0.5308444021795103,2.37145830432573
15,75,14.514527049420348,0.0,2.1885727209565546
15,76,11.611621639536278,0.0,2.5209958071342706
15,77,5.805810819768139,0.0,3.1169506372238596
15,78,11.611621639536278,4.966476511692863,3.417464865705287
15,79,11.611621639536278,4.008840329597025,2.9602731508119295
15,80,17.41743245930442,3.2659754441530566,1.928075271613552
15,81,11.611621639536278,0.0,1.071494126338768
15,82,8.70871622965221,0.0,0.9863768046137443
15,83,8.70871622965221,0.11858205337548927,1.6747364084908096
15,84,11.611621639536278,2.770139175880478,2.5411689540954234
15,85,5.805810819768139,1.0389148588077162,2.8242521284223017
15,86,14.514527049420348,5.49777672934207,2.292217309443081
15,87,8.70871622965221,0.0,1.4391210185793408
15,88,8.70871622965221,0.967310061272824,0.9466107045909797
15,89,14.514527049420348,4.101980195740662,1.0872818875432084
15,90,11.611621639536278,0.7157627420027906,1.6251921253233141
16,1,5.939620893431867,4.425036928564995,0.0
16,2,2.9698104467159334,0.6928059165346477,0.003792434583465
16,3,11.879241786863734,3.867054674244512,0.021302154914667
16,4,8.9094313401478,0.0,0.08960519343482355
16,5,5.939620893431867,0.0,0.27571204711981895
16,6,11.879241786863734,3.186243069391282,0.6400284815943846
16,7,11.879241786863734,1.746167837002382,1.1400519636835449
16,8,11.879241786863734,0.5783894891959627,1.5914538638528506
16,9,5.939620893431867,0.1720718269516725,1.7974585245037291
16,10,17.8188626802956,7.680791969303436,1.7298301748424247
16,11,14.849052233579666,1.88866272020118,1.5579425235108395
16,12,14.849052233579666,1.6146963193429673,1.4707017239248417
16,13,17.8188626802956,3.8063561918502256,1.51864421950981
16,14,20.78867312701153,4.215047724003008,1.6733879468250117
16,15,20.78867312701153,2.8572719603734296,1.9669924317401226
16,16,23.758483573727467,2.482224641879147,2.4042750791716316
16,17,14.849052233579666,0.0,2.8178775468324497
16,18,23.758483573727467,5.754601057627837,3.038386198347085
16,19,17.8188626802956,1.6978736799215575,3.103214650412644
16,20,23.758483573727467,4.885714842627409,3.1165696338567344
16,21,17.8188626802956,1.832265342098729,3.060361727127026
16,22,26.7282940204434,6.496808150376463,2.8962158316011815
16,23,20.78867312701153,1.258682546808715,2.7411580422635895
16,24,23.758483573727467,4.25623576565205,2.7591815351715696
16,25,26.7282940204434,4.71988862686759,2.968400766306395
16,26,23.758483573727467,2.317369113462151,3.237600957723999
16,27,26.7282940204434,4.661225697132808,3.4559563434333067
16,28,26.7282940204434,4.660846317470261,3.593175412078755
16,29,29.698104467159332,5.586965624932616,3.654939453931135
16,30,29.698104467159332,2.944688328434534,3.676571737506929
16,31,20.78867312701153,0.3220173889582306,3.7131172420654153
16,32,32.667914913875265,8.497226533774306,3.7975866761023256
16,33,26.7282940204434,2.7647948637362094,3.9395367829378816
16,34,29.698104467159332,5.611271813697311,4.093483559155559
16,35,32.667914913875265,6.296036957350603,4.15682924889032
16,36,35.6377253605912,3.0863332626273494,4.070397957418001
16,37,23.758483573727467,0.0,3.9660714827101327
16,38,20.78867312701153,0.4201173371895158,4.0467537636296615
16,39,29.698104467159332,9.371519413155186,4.3197974713850416
16,40,32.667914913875265,8.732173937907968,4.558834039810601
16,41,35.6377253605912,5.925052746588773,4.513040389537805
16,42,29.698104467159332,0.35573083364292996,4.118223670304285
16,43,26.7282940204434,2.0848994381982067,3.6279420675423206
16,44,35.6377253605912,7.0490701141745395,3.5392185619243755
16,45,26.7282940204434,1.7151384040634892,4.110476836959016
16,46,35.6377253605912,7.968381136088577,4.935597579442959
16,47,29.698104467159332,3.6176196546720942,5.2893985933467835
16,48,32.667914913875265,5.74203490204734,4.915420549586718
16,49,32.667914913875265,3.6473084668831466,4.282604669312799
16,50,26.7282940204434,1.4390402943469012,3.9815955829294998
16,51,32.667914913875265,7.5379799931103495,4.141774144758952
16,52,35.6377253605912,7.6620543398551355,4.494117938290664
16,53,38.60753580730713,4.594309671063212,4.736877843807025
16,54,26.7282940204434,0.0,4.74442301381787
16,55,32.667914913875265,5.4345053568696535,4.5973331947425
16,56,32.667914913875265,4.849933487415088,4.528791446594614
16,57,29.698104467159332,4.391012600876382,4.694141464352957
16,58,35.6377253605912,8.280608440418264,4.9382808927567305
16,59,35.6377253605912,4.795064802825591,4.927918930197461
16,60,29.698104467159332,1.3724721299276164,4.5968400957103475
16,61,32.667914913875265,6.676413859892668,4.289016149374534
16,62,41.57734625402306,10.184122026092885,4.335463436928881
16,63,41.57734625402306,3.960773299841399,4.697212867958145
16,64,32.667914913875265,0.0,5.072142081821102
16,65,26.7282940204434,0.0,5.23229379671341
16,66,26.7282940204434,2.8298427387731984,5.231799718341907
16,67,23.758483573727467,4.853750784951746,5.2723228485515685
16,68,32.667914913875265,9.450683462704394,5.307675260785854
16,69,26.7282940204434,2.68048199509161,4.971904123118379
16,70,26.7282940204434,2.03760108841095,4.113742120811656
16,71,20.78867312701153,0.4179526311134794,3.193069446875555
16,72,26.7282940204434,4.750362548603891,2.873126728824206
16,73,20.78867312701153,1.6824729078128504,3.3145861113715624
16,74,26.7282940204434,5.546717112246526,4.001601803573812
16,75,20.78867312701153,1.467662170583066,4.260759006536419
16,76,20.78867312701153,2.986183351623253,3.888496467003988
16,77,20.78867312701153,2.7762006167727904,3.2665282604033083
16,78,20.78867312701153,0.5413239431163777,2.8813034438590583
16,79,11.879241786863734,0.0,2.8604332834659996
16,80,14.849052233579666,4.62467747219051,2.985844464650495
16,81,26.7282940204434,8.930589675887088,3.0028768932604852
16,82,20.78867312701153,0.0,2.8211916723196087
16,83,14.849052233579666,0.0,2.5107668379672177
16,84,14.849052233579666,0.3090546009080069,2.2451915524158625
16,85,17.8188626802956,1.8545135614394865,2.2486910550509127
16,86,8.9094313401478,0.0,2.6044552388777564
16,87,17.8188626802956,6.219827378547647,3.022304644616996
16,88,14.849052233579666,2.468434027066263,3.0129490010089524
16,89,14.849052233579666,2.533186622646551,2.4461453428657625
16,90,17.8188626802956,4.040750199318938,1.73943666637763
17,1,8.492359849485952,7.0078078193652305,0.0
17,2,11.32314646598127,1.4619500900447926,0.003059594602424528
17,3,5.661573232990635,0.0,0.01617618790286311
17,4,8.492359849485952,0.0,0.06469507614654796
17,5,5.661573232990635,0.10899757943235336,0.20211070068947265
17,6,16.984719698971904,6.103253663798213,0.49362094787004485
17,7,11.32314646598127,0.9808407355528298,0.9459769339950465
17,8,19.81550631546722,5.376461256915748,1.4262235077657666
17,9,16.984719698971904,1.3003824741186265,1.7171673752023962
17,10,16.984719698971904,0.8726504687113456,1.7191266646065277
17,11,14.15393308247659,0.6098721498589851,1.5914156881647965
17,12,19.81550631546722,3.3514213104750703,1.6114852448736745
17,13,14.15393308247659,0.0,1.8934868931820332
17,14,14.15393308247659,3.2656410973325705,2.282508643108619
17,15,25.47707954845786,9.390761657375972,2.5205644497218183
17,16,25.47707954845786,3.4676173241465746,2.471053258359147
17,17,22.64629293196254,0.0,2.2193526460362256
17,18,16.984719698971904,0.0,1.9748197426623497
17,19,25.47707954845786,5.344069399628101,1.9474590339772186
17,20,22.64629293196254,1.8489763214865018,2.233402887559691
17,21,22.64629293196254,1.932031813259134,2.7544857875712934
17,22,19.81550631546722,2.4449255442767153,3.2695467246525
17,23,25.47707954845786,6.318465130045198,3.470344962470227
17,24,25.47707954845786,3.1561193814082658,3.260630483620317
17,25,19.81550631546722,0.9896008628700218,2.845687835033488
17,26,28.30786616495318,8.183371333416815,2.5430934944638617
17,27,36.80022601443913,7.384671371112595,2.4956945057849054
17,28,28.30786616495318,0.0,2.654563946657325
17,29,25.47707954845786,0.1831957474549956,2.9243516945769676
17,30,31.138652781448492,6.362593444054488,3.2510624039918454
17,31,33.96943939794381,5.343496576305003,3.5983915564559332
17,32,28.30786616495318,0.8867849381950343,3.9223116658580723
17,33,28.30786616495318,3.704748408427808,4.165313924181211
17,34,31.138652781448492,6.8255914468601695,4.221062629899093
17,35,36.80022601443913,6.372338027851987,4.033740816362421
17,36,28.30786616495318,0.0,3.724661975315796
17,37,28.30786616495318,2.3013047631842527,3.5282640180502276
17,38,31.138652781448492,6.276491287727737,3.5472357560775185
17,39,36.80022601443913,7.92308998187316,3.7097110761067658
17,40,36.80022601443913,4.066060740727615,3.9124685380167423
17,41,31.138652781448492,1.4352073578733635,4.086274107961644
17,42,36.80022601443913,5.930229322917753,4.162086535114355
17,43,33.96943939794381,3.29936715289209,4.121286630973842
17,44,33.96943939794381,4.808657888436699,4.08920661554202
17,45,39.63101263093444,7.802811816078648,4.221011200900005
17,46,39.63101263093444,4.661094645321375,4.473736889217011
17,47,33.96943939794381,2.0975981580087546,4.63046452443276
17,48,39.63101263093444,6.331842903695939,4.581061700904531
17,49,36.80022601443913,3.171160640746937,4.459338616890742
17,50,33.96943939794381,4.358271908505666,4.46030513737216
17,51,45.29258586392508,10.866045065851072,4.629112338973585
17,52,42.46179924742977,4.976610915707357,4.832785756623091
17,53,42.46179924742977,2.634551502456988,4.9153314528768135
17,54,33.96943939794381,0.0,4.849001080991131
17,55,33.96943939794381,3.391388698838401,4.764665831435948
17,56,36.80022601443913,6.072882158945397,4.8242976930393215
17,57,33.96943939794381,5.400299416139592,5.051252137199807
17,58,42.46179924742977,9.123103453469831,5.2684636501197195
17,59,36.80022601443913,3.175786729488386,5.201702657653547
17,60,36.80022601443913,3.8718232994569823,4.756816698333506
17,61,36.80022601443913,3.3514684503029226,4.1846874642639555
17,62,33.96943939794381,0.3579025623781041,3.8969033462870937
17,63,25.47707954845786,0.0,4.098904494390002
17,64,31.138652781448492,5.669642398245696,4.615657246297716
17,65,28.30786616495318,4.568773964571383,5.035320173323411
17,66,31.138652781448492,6.880392481181719,5.030583198149116
17,67,33.96943939794381,5.892077020906078,4.559180744019196
17,68,28.30786616495318,0.7359159851863567,3.8249316661857304
17,69,28.30786616495318,0.9014954173712423,3.160669956534129
17,70,19.81550631546722,0.22165106491635556,2.8654207730883643
17,71,33.96943939794381,9.412863307593588,3.06263714936302
17,72,28.30786616495318,1.384567523182848,3.59656257627282
17,73,22.64629293196254,0.8952506599559791,4.085831814564143
17,74,31.138652781448492,8.157487693078435,4.1892642701106775
17,75,33.96943939794381,4.588020301467674,3.8439592218827885
17,76,22.64629293196254,0.0,3.328467630101269
17,77,28.30786616495318,2.3244306989732797,3.015914379145118
17,78,19.81550631546722,0.0,3.057544871454161
17,79,22.64629293196254,2.7504378161659706,3.3140863972257897
17,80,19.81550631546722,1.9310483732112236,3.5704158028003317
17,81,19.81550631546722,3.604552194683436,3.682239020851067
17,82,22.64629293196254,4.737125265096634,3.5675927652931536
17,83,25.47707954845786,1.444190919875396,3.191507834695562
17,84,14.15393308247659,0.0,2.6566172811544444
17,85,16.984719698971904,0.0,2.205304701682176
17,86,8.492359849485952,0.0,2.0303733407024525
17,87,14.15393308247659,2.735857772958528,2.1502347620446156
17,88,14.15393308247659,3.242925108059637,2.381928694599431
17,89,16.984719698971904,4.324372561379051,2.482161395301237
17,90,16.984719698971904,3.040194366525375,2.3001811612804506
18,1,8.64298096346071,6.580681838306174,0.0
18,2,5.761987308973807,0.7967349074529865,0.008240875570118275
18,3,11.523974617947614,2.0222211915444572,0.04748649009378512
18,4,5.761987308973807,0.0,0.19370512868435333
18,5,14.404968272434518,4.065884999964424,0.5606787765184092
18,6,11.523974617947614,0.6092233031933822,1.1722413506936424
18,7,11.523974617947614,1.8546146301771476,1.7966520599287414
18,8,17.28596192692142,3.343036847037936,2.1014693225622034
18,9,8.64298096346071,0.0,2.038620053928081
18,10,8.64298096346071,1.3073215279365484,1.8763981716318914
18,11,17.28596192692142,6.737463841128907,1.8251513253397702
18,12,17.28596192692142,3.467551538623922,1.8598116932756716
18,13,17.28596192692142,2.8152264034545276,1.8920306774594489
18,14,23.047949235895228,4.167832477631456,1.9264772680386077
18,15,17.28596192692142,0.0,2.079454694401052
18,16,14.404968272434518,0.004331218367042416,2.4757246500755588
18,17,17.28596192692142,3.9348209844389297,3.029630935490541
18,18,17.28596192692142,3.380624259071251,3.3948699787660366
18,19,14.404968272434518,3.1466497746731816,3.309198486827599
18,20,25.928942890382135,7.104436624846175,2.8380043441252343
18,21,14.404968272434518,0.0,2.3004542899352445
18,22,23.047949235895228,3.301699357305496,2.068954231975336
18,23,14.404968272434518,0.0,2.322399159072147
18,24,20.166955581408324,5.514287958062269,2.876504832698874
18,25,23.047949235895228,6.189122953610558,3.356607884957576
18,26,25.928942890382135,3.802011442082366,3.47050347755326
18,27,17.28596192692142,0.0,3.20692525423253
18,28,20.166955581408324,3.1441880266481776,2.8863133922015094
18,29,25.928942890382135,3.606787586279432,2.906404816206133
18,30,11.523974617947614,0.0,3.305477677925987
18,31,25.928942890382135,9.089419684583408,3.666970534172091
18,32,23.047949235895228,5.406461951922102,3.5886381266700598
18,33,31.690930199355936,7.363465437470673,3.1597654487988454
18,34,25.928942890382135,1.7112202809389248,2.8413383919040327
18,35,31.690930199355936,4.6662964467611605,2.9641476814854
18,36,25.928942890382135,1.8109280820224525,3.570511231445875
18,37,31.690930199355936,6.0434990635379116,4.431726353114038
18,38,25.928942890382135,3.494451051896519,5.0988448030565205
18,39,31.690930199355936,7.7745415034284715,5.182335985797827
18,40,31.690930199355936,4.7005692766033915,4.744347745882642
18,41,25.928942890382135,1.233789617352506,4.22474404570689
18,42,28.809936544869036,4.7925821035556035,4.02468921927284
18,43,28.809936544869036,4.623600226901205,4.223478319399163
18,44,28.809936544869036,4.097125805668281,4.596133983898209
18,45,25.928942890382135,3.4766778272743117,4.810564487964587
18,46,28.809936544869036,5.924826879051055,4.6692101880323955
18,47,28.809936544869036,4.3401429460750505,4.3158799652507
18,48,25.928942890382135,2.8704004911699923,4.0718722139641255
18,49,28.809936544869036,5.949614118045523,4.068627675202997
18,50,31.690930199355936,7.004395929124019,4.187706658059223
18,51,34.57192385384284,5.704203254679212,4.317079061710227
18,52,28.809936544869036,1.3935808588237428,4.42635564486975
18,53,28.809936544869036,3.320619219769502,4.522448677346129
18,54,28.809936544869036,3.341044426029768,4.673229562127202
18,55,23.047949235895228,1.906806056436359,4.912850225428491
18,56,25.928942890382135,7.954590426405409,5.0489638940315205
18,57,37.45291750832975,11.122048245905969,4.8041909775196725
18,58,28.809936544869036,0.5385001036252043,4.220535299544198
18,59,25.928942890382135,0.76529187914563,3.7049964987521453
18,60,28.809936544869036,4.266509023337461,3.6715214675421746
18,61,25.928942890382135,4.097894260323556,4.213335303999488
18,62,31.690930199355936,7.974860879414096,4.969900385498555
18,63,31.690930199355936,4.413277516329159,5.2744402185705415
18,64,23.047949235895228,0.0,4.796730838713775
18,65,23.047949235895228,2.754172733283544,4.03788865911989
18,66,25.928942890382135,5.005552153844604,3.758916694798023
18,67,23.047949235895228,3.426980466369248,4.0627625759549035
18,68,25.928942890382135,5.432921677169014,4.376669724258458
18,69,25.928942890382135,2.9939984777596362,4.207256590051538
18,70,17.28596192692142,0.0,3.688606672559598
18,71,25.928942890382135,5.033985537073249,3.34605058846077
18,72,14.404968272434518,0.0,3.423372039616834
18,73,25.928942890382135,8.58911452786885,3.6578092302439384
18,74,23.047949235895228,3.6726534087073466,3.677353762883673
18,75,23.047949235895228,1.8114762460275318,3.387352108409634
18,76,17.28596192692142,0.27206908411730096,3.0417446827530403
18,77,23.047949235895228,5.573026716697025,2.976437517848252
18,78,23.047949235895228,3.213946502252897,3.272281536781005
18,79,17.28596192692142,0.0,3.6381895819450234
18,80,14.404968272434518,0.6164414694809519,3.6750013255978495
18,81,14.404968272434518,4.18724711378244,3.3231221284704824
18,82,23.047949235895228,7.417292785942716,2.9238730521163427
18,83,17.28596192692142,0.4014739542513671,2.710522301479224
18,84,17.28596192692142,0.006970339740453387,2.5472139078706126
18,85,11.523974617947614,0.0,2.361806951191028
18,86,11.523974617947614,0.3261653969637228,2.3864686707791933
18,87,8.64298096346071,1.177232938433243,2.70948571099687
18,88,11.523974617947614,5.11281138653988,2.905447802565204
18,89,17.28596192692142,5.48336096269364,2.527574289368219
18,90,11.523974617947614,0.0,1.7285169283046118
19,1,3.02702447330085,3.774446568483793,0.0
19,2,12.1080978932034,4.334907168631611,0.002772889204126091
19,3,9.08107341990255,0.0,0.015291980484362437
19,4,6.0540489466017,0.0,0.05604434064095416
19,5,6.0540489466017,0.0,0.16530425915591573
19,6,6.0540489466017,0.0,0.39280391596476505
19,7,9.08107341990255,2.004645677146586,0.7526699191152303
19,8,9.08107341990255,2.115957775482629,1.1652721261631611
19,9,12.1080978932034,3.258430772432816,1.4607222856109865
19,10,15.13512236650425,1.2840484160805978,1.495715240469174
19,11,6.0540489466017,0.0,1.2883258266654252
19,12,9.08107341990255,1.0200920564571985,1.0252999032054284
19,13,15.13512236650425,2.6854182873123866,0.9168299096541456
19,14,6.0540489466017,0.0,1.0402183894194388
19,15,18.1621468398051,7.0387903288451055,1.3018427579297316
19,16,18.1621468398051,4.003872395992515,1.5335152269814918
19,17,24.2161957864068,3.2531860234352394,1.6198642456577
19,18,15.13512236650425,0.0,1.5905752354407172
19,19,21.18917131310595,1.8195384992628476,1.5887928160423044
19,20,15.13512236650425,0.0,1.759421104741629
19,21,21.18917131310595,1.7396800025479704,2.1330641511248
19,22,9.08107341990255,0.0,2.585286409214573
19,23,21.18917131310595,8.272503062562981,2.8921091546794777
19,24,24.2161957864068,6.543128882124828,2.8792109607484897
19,25,24.2161957864068,2.8623569755601372,2.547847272210144
19,26,21.18917131310595,0.5252231527267577,2.094094626213523
19,27,24.2161957864068,1.59140087208654,1.7891081694810826
19,28,18.1621468398051,0.0,1.8353811642799642
19,29,18.1621468398051,0.6606875745627818,2.2650024503106923
19,30,18.1621468398051,3.6224825969132617,2.8982898921809115
19,31,24.2161957864068,7.356357005232212,3.397617228947862
19,32,24.2161957864068,5.040698106328656,3.471263884440514
19,33,33.29726920630935,3.7418309728649595,3.082114845217226
19,34,15.13512236650425,0.0,2.491392847709037
19,35,24.2161957864068,2.6867919235068003,2.0711652948487904
19,36,24.2161957864068,2.679682994912866,2.0790308947876244
19,37,24.2161957864068,3.531294246365057,2.5165188610379703
19,38,30.2702447330085,4.900081505548815,3.1390022172740206
19,39,21.18917131310595,0.0,3.596548510255903
19,40,21.18917131310595,3.243159727172289,3.6672247769127697
19,41,30.2702447330085,7.842740287187063,3.4030374811214026
19,42,24.2161957864068,2.2286306534236178,3.0573422414292937
19,43,30.2702447330085,5.885702187286706,2.857734066088298
19,44,33.29726920630935,3.5431605932221752,2.86200951496023
19,45,24.2161957864068,0.0,2.9913361680741803
19,46,27.24322025970765,3.861289668992825,3.1761406255727063
19,47,33.29726920630935,5.733191909965381,3.4147798279704005
19,48,24.2161957864068,0.0,3.694795863230877
19,49,27.24322025970765,3.5440807275871675,3.9171399474384203
19,50,24.2161957864068,2.3534905371230175,3.9601031556054993
19,51,24.2161957864068,3.332115327629398,3.790003871776568
19,52,24.2161957864068,4.529888661649958,3.50545599741094
19,53,30.2702447330085,7.139797193813374,3.2446199752341043
19,54,30.2702447330085,4.792350612525963,3.0770653948489413
19,55,33.29726920630935,4.449702173493123,2.99136037902269
19,56,30.2702447330085,1.22082937637139,2.9796707860638443
19,57,27.24322025970765,1.3268235633523988,3.092033133933269
19,58,33.29726920630935,3.724286521149486,3.380879227705506
19,59,21.18917131310595,0.0,3.80107413998596
19,60,24.2161957864068,5.0426516054543615,4.188850841459848
19,61,33.29726920630935,9.540750068459277,4.3402462432401325
19,62,33.29726920630935,3.005975415634349,4.14570876857802
19,63,27.24322025970765,0.0,3.6834396597193746
19,64,18.1621468398051,0.0,3.189454228909407
19,65,27.24322025970765,4.566084419995094,2.9152874389457124
19,66,24.2161957864068,0.25211093218479536,2.989010016809379
19,67,15.13512236650425,0.0,3.321533269914201
19,68,21.18917131310595,6.547961854179699,3.640394800675854
19,69,27.24322025970765,6.619008215589551,3.6552725952072187
19,70,18.1621468398051,0.0,3.2826027200370302
19,71,24.2161957864068,4.08095128292837,2.7170657421249014
19,72,24.2161957864068,1.551246479126806,2.2704173970198527
19,73,18.1621468398051,0.0,2.138675658895742
19,74,24.2161957864068,2.6287697361401796,2.332947724533237
19,75,18.1621468398051,0.0,2.717777525589438
19,76,9.08107341990255,0.0,3.0631851041448623
19,77,15.13512236650425,4.485758572192945,3.158028535678513
19,78,18.1621468398051,5.234515203751036,2.9368237909829142
19,79,18.1621468398051,3.31101208336451,2.502178798712126
19,80,21.18917131310595,2.7366406351715,2.034240965983178
19,81,21.18917131310595,0.0,1.6902594381236415
19,82,21.18917131310595,0.0,1.5764203487165378
19,83,9.08107341990255,0.0,1.7379866950284606
19,84,9.08107341990255,0.0,2.120542489174914
19,85,9.08107341990255,0.0,2.538247240731128
19,86,9.08107341990255,1.8358586650308888,2.7373770405896027
19,87,9.08107341990255,3.0148115201152734,2.5550738197759704
19,88,15.13512236650425,3.4821371312804033,2.0376384827923464
19,89,6.0540489466017,0.0,1.3962347977527532
19,90,9.08107341990255,0.28630105846461507,0.8711302215425696
20,1,14.479790874125978,9.822434951280957,0.0
20,2,11.583832699300782,0.0,0.004023018407745175
20,3,5.791916349650391,0.0,0.016606627202617196
20,4,8.687874524475586,0.0,0.056743170421414926
20,5,8.687874524475586,0.3155011359126879,0.1604901944052487
20,6,14.479790874125978,2.7008877503079254,0.37586811560083666
20,7,14.479790874125978,0.0,0.7297991734779123
20,8,5.791916349650391,0.0,1.1744611589378464
20,9,8.687874524475586,2.1946941830536764,1.5717712336326473
20,10,20.271707223776367,6.953627340052307,1.7618617279154145
20,11,11.583832699300782,0.0,1.6842782660574513
20,12,17.37574904895117,1.0348767666695564,1.4302490922220386
20,13,11.583832699300782,0.0,1.1756188072655052
20,14,8.687874524475586,0.0,1.0563007911195
20,15,17.37574904895117,5.701168691310866,1.113744657234461
20,16,23.167665398601564,3.507087909672694,1.3164691258009447
20,17,11.583832699300782,0.0,1.5853149813610483
20,18,20.271707223776367,4.811902922052665,1.8067950304636535
20,19,23.167665398601564,3.8038081707829057,1.900334241145768
20,20,20.271707223776367,0.0,1.8534532091349452
20,21,20.271707223776367,0.0,1.7763888366571885
20,22,11.583832699300782,0.0,1.8059821389996673
20,23,23.167665398601564,7.029900069357968,1.988447908704978
20,24,23.167665398601564,4.359906809938975,2.2513885579779815
20,25,28.959581748251956,3.048509059593543,2.460277800734051
20,26,17.37574904895117,0.0,2.52182848856204
20,27,20.271707223776367,0.50185572155045,2.426667146239447
20,28,17.37574904895117,1.8927515512417812,2.257801346560921
20,29,26.06362357342676,7.675197098087666,2.1395324850270763
20,30,28.959581748251956,4.554748837551796,2.1843544794431247
20,31,23.167665398601564,0.0,2.3844558022556073
20,32,26.06362357342676,2.757371042741914,2.603295751212015
20,33,23.167665398601564,2.411101420102254,2.700534555208791
20,34,28.959581748251956,5.531752453715027,2.6573069098408824
20,35,26.06362357342676,2.1527145019909564,2.5972376800558807
20,36,31.85553992307715,2.3840459940532837,2.660222126746779
20,37,17.37574904895117,0.0,2.850428198653592
20,38,31.85553992307715,8.732377436920972,3.041823282443863
20,39,31.85553992307715,4.216167048640873,3.1224098684316357
20,40,26.06362357342676,0.272895456415897,3.0864392254160844
20,41,34.75149809790234,3.323942865370046,3.021970719579703
20,42,20.271707223776367,0.0,2.994033055701251
20,43,23.167665398601564,2.0568122252187417,3.0136900005832348
20,44,28.959581748251956,6.438784189884641,3.0697979432690157
20,45,28.959581748251956,4.869123472982455,3.156894001562159
20,46,31.85553992307715,5.184760750508648,3.239931874024223
20,47,31.85553992307715,3.794971291349931,3.251377094597067
20,48,31.85553992307715,3.4064082838523726,3.139398577220344
20,49,34.75149809790234,3.048663779066171,2.9549333473105315
20,50,26.06362357342676,0.0,2.8512835338888562
20,51,34.75149809790234,6.8246700902190245,2.957932840836761
20,52,34.75149809790234,4.177919619827142,3.281818352517513
20,53,31.85553992307715,1.3426478236808017,3.678593211193185
20,54,28.959581748251956,1.492812340569416,3.963296039050956
20,55,28.959581748251956,3.9576422986743642,4.018763338104488
20,56,31.85553992307715,5.250036049217747,3.873706732038781
20,57,28.959581748251956,2.362074912241784,3.6400600237452894
20,58,28.959581748251956,2.4362143359381774,3.435765622161693
20,59,26.06362357342676,1.828277576697464,3.31748702873246
20,60,28.959581748251956,3.6223679482282183,3.254177219580949
20,61,23.167665398601564,1.7649985702818887,3.2002602310150854
20,62,31.85553992307715,7.353418632085777,3.150421379045286
20,63,31.85553992307715,2.6729445001796304,3.124122980540461
20,64,23.167665398601564,0.0,3.119776921643275
20,65,28.959581748251956,4.026378695363622,3.102292463466326
20,66,26.06362357342676,2.4261320920474083,3.054716114093089
20,67,28.959581748251956,3.8944719605001747,3.0113135380107816
20,68,26.06362357342676,1.177676804850235,3.020912336009
20,69,23.167665398601564,0.5558911783537,3.0967757753120377
20,70,20.271707223776367,2.5784266116841605,3.1752495056855166
20,71,28.959581748251956,7.2691171720139724,3.1758525969267177
20,72,26.06362357342676,0.7122166095161964,3.0731775403315917
20,73,17.37574904895117,0.0,2.908495924897729
20,74,26.06362357342676,6.04947084474848,2.7433032979372887
20,75,26.06362357342676,4.821911196935991,2.6093704384717062
20,76,34.75149809790234,5.086696181877826,2.521663957517277
20,77,28.959581748251956,0.0,2.501192887790023
20,78,20.271707223776367,0.0,2.5669953468834112
20,79,20.271707223776367,0.0,2.699262643064634
20,80,20.271707223776367,1.8188314033292252,2.8625372369426936
20,81,23.167665398601564,2.759482616941176,3.0209623631231937
20,82,14.479790874125978,0.0,3.1451010932942416
20,83,17.37574904895117,2.8225179629221273,3.176091784256135
20,84,17.37574904895117,1.9355290456165837,3.0203524707181915
20,85,11.583832699300782,0.0,2.645717388835926
20,86,14.479790874125978,3.1805212512776975,2.143052703709743
20,87,20.271707223776367,3.017865475285331,1.6896400307966826
20,88,11.583832699300782,0.0,1.4231545541233162
20,89,11.583832699300782,0.0,1.3664803259506246
20,90,11.583832699300782,0.0556062398486616,1.4358658617940818
21,1,5.761987308973807,4.983771019506532,0.0
21,2,8.64298096346071,1.7922703147631363,0.004271292166724701
21,3,8.64298096346071,0.0,0.02485921711679355
21,4,2.8809936544869035,0.0,0.10192255124088254
21,5,5.761987308973807,0.8065757210841665,0.30913593766831743
21,6,11.523974617947614,3.7576963819057845,0.6957351014795756
21,7,8.64298096346071,0.784159404738094,1.1681778808127614
21,8,11.523974617947614,1.8111703348388648,1.4787639505228467
21,9,8.64298096346071,0.0,1.464523144781237
21,10,8.64298096346071,0.0,1.263846737716234
21,11,2.8809936544869035,0.0,1.1697538810991865
21,12,11.523974617947614,4.53602098358103,1.279231703342935
21,13,8.64298096346071,0.382215821927561,1.4127005565190367
21,14,5.761987308973807,0.0,1.3625284164235392
21,15,8.64298096346071,3.372431433516086,1.1328973754425333
21,16,14.404968272434518,4.179154834962879,0.9215442770306559
21,17,11.523974617947614,0.0,0.9171480921438929
21,18,8.64298096346071,0.0,1.1234633215037926
21,19,14.404968272434518,4.464176379769552,1.3839537006093172
21,20,20.166955581408324,2.739318940429195,1.5938020267691766
21,21,5.761987308973807,0.0,1.7803086678649263
21,22,20.166955581408324,5.680123176116779,1.9346863907712553
21,23,11.523974617947614,0.0,1.9765208134062766
21,24,20.166955581408324,6.182573670840298,1.9375184033813642
21,25,23.047949235895228,3.4898891062038584,1.9794709552514569
21,26,17.28596192692142,0.0,2.1506658979665847
21,27,14.404968272434518,0.0,2.361247680345974
21,28,17.28596192692142,3.316129168466595,2.5631461866182477
21,29,17.28596192692142,3.272212747572915,2.772247380525113
21,30,17.28596192692142,2.503854042906555,2.924638660585684
21,31,14.404968272434518,1.0966946032550466,2.864899674501962
21,32,14.404968272434518,2.88842568545154,2.536317101086456
21,33,20.166955581408324,4.556501073841166,2.1433487733686034
21,34,14.404968272434518,0.0,1.9834171244801186
21,35,14.404968272434518,1.3371826440906875,2.1062332181018877
21,36,20.166955581408324,2.7650365048612215,2.303059061875011
21,37,8.64298096346071,0.0,2.4092150086216293
21,38,14.404968272434518,4.604730893032171,2.428111250401602
21,39,23.047949235895228,6.6060096840129505,2.3866775478506237
21,40,14.404968272434518,0.0,2.245353836138579
21,41,20.166955581408324,3.495642269305111,2.0388924676798155
21,42,17.28596192692142,1.420971096557528,1.942939054799718
21,43,20.166955581408324,2.5592044427718026,2.1137950183150713
21,44,14.404968272434518,0.45569482180524556,2.5244560831838454
21,45,20.166955581408324,5.466657512244057,2.936532354685112
21,46,20.166955581408324,3.561789189003409,3.0726045592261104
21,47,17.28596192692142,2.0471145904781416,2.8765739973784936
21,48,23.047949235895228,4.454238762607497,2.555757452861352
21,49,17.28596192692142,0.0,2.356264487274574
21,50,17.28596192692142,1.4220542258095574,2.3973148973337493
21,51,17.28596192692142,2.6836471949208893,2.6477696061205225
21,52,17.28596192692142,3.485352018330968,2.931017168350023
21,53,20.166955581408324,4.197511233057444,3.0310206591638074
21,54,17.28596192692142,1.5606935444284586,2.8622461745322054
21,55,17.28596192692142,3.2097375434506206,2.5310539829922996
21,56,25.928942890382135,5.58088344785791,2.2674591337206556
21,57,17.28596192692142,0.0,2.2616639684521984
21,58,17.28596192692142,1.6155543809826147,2.5078702176324588
21,59,23.047949235895228,5.790918598190003,2.816483281804969
21,60,20.166955581408324,3.3165985010965215,3.016223792542564
21,61,25.928942890382135,4.6973611937457935,3.076561938143456
21,62,17.28596192692142,0.0,3.037560637835083
21,63,25.928942890382135,4.10441040745934,2.9424388009115985
21,64,14.404968272434518,0.0,2.9022358804431954
21,65,25.928942890382135,4.306874963166089,3.0305675843595274
21,66,11.523974617947614,0.0,3.2429377423693975
21,67,20.166955581408324,4.546915019487056,3.2892491980179384
21,68,14.404968272434518,1.0348184216145078,3.0576840484840693
21,69,17.28596192692142,2.7291008987573715,2.684308347148098
21,70,11.523974617947614,0.09450481501579516,2.3787554423193424
21,71,17.28596192692142,4.044755919942329,2.2320692160320577
21,72,14.404968272434518,1.6460191826582562,2.2103137010687934
21,73,17.28596192692142,3.5066402501018454,2.23055401628545
21,74,17.28596192692142,1.9803619023418793,2.218890868737133
21,75,14.404968272434518,0.0,2.1529505263433517
21,76,8.64298096346071,0.0,2.097403456896234
21,77,11.523974617947614,2.1220138806577546,2.1310026528529926
21,78,11.523974617947614,2.205184725308093,2.2305704375960325
21,79,11.523974617947614,2.279346237480742,2.251086726054565
21,80,17.28596192692142,2.2377279356693385,2.06732412126778
21,81,11.523974617947614,0.0,1.7123821095081724
21,82,2.8809936544869035,0.0,1.394166173967237
21,83,8.64298096346071,0.6149865626949789,1.3154180881943154
21,84,5.761987308973807,0.7834200332286253,1.4726416537548774
21,85,11.523974617947614,4.271530325411979,1.6512077604136273
21,86,8.64298096346071,0.6204243991542076,1.634310258767529
21,87,8.64298096346071,0.08781829522020343,1.381055634397173
21,88,5.761987308973807,0.0,1.0594324251118492
21,89,8.64298096346071,0.3422353342725401,0.9036144256436365
21,90,2.8809936544869035,0.0,1.0108303974329744
22,1,8.184407381980309,7.00503141265305,0.0
22,2,10.912543175973745,3.416976780116048,0.0655631392815927
22,3,8.184407381980309,1.3312327146925422,0.8064281385626718
22,4,16.368814763960618,6.086195153888377,3.0519184759844236
22,5,10.912543175973745,1.4623556300723872,4.164175002581274
22,6,8.184407381980309,1.2061291733614663,3.2651690545122167
22,7,8.184407381980309,2.693910064258368,3.4346803918857494
22,8,10.912543175973745,3.7716409972194844,3.2075420391475795
22,9,8.184407381980309,2.4418035657386588,2.0331917942243556
22,10,10.912543175973745,5.14387529028423,2.1406712598004374
22,11,16.368814763960618,5.70534612574359,2.923242734575601
22,12,16.368814763960618,1.5162549361305762,3.2924616494535552
22,13,5.456271587986873,0.0,3.9697415089518344
22,14,10.912543175973745,6.384804033852469,4.595873700490412
22,15,16.368814763960618,6.679067456586801,3.3961533239170296
22,16,13.640678969967183,2.1898085861652263,2.0239913040855586
22,17,16.368814763960618,3.7952142389241854,3.407150091015266
22,18,8.184407381980309,2.0473006368097533,5.2569935687396665
22,19,21.82508635194749,9.9153190855821,4.514875697310723
22,20,13.640678969967183,1.9039273042447455,3.391434328405211
22,21,16.368814763960618,5.879082916319356,3.640068899097538
22,22,24.55322214594093,8.773184113204055,5.252564172106649
22,23,16.368814763960618,2.0494456860874743,5.485399789983452
22,24,19.096950557954056,5.0091645909469635,5.062644738518305
22,25,13.640678969967183,4.094318695050973,6.144633209976839
22,26,21.82508635194749,8.461777940877997,5.374448619464974
22,27,16.368814763960618,2.575618997166538,4.239305745675908
22,28,16.368814763960618,4.60301795262451,4.728692125468866
22,29,21.82508635194749,8.780998892241229,5.673760509172477
22,30,21.82508635194749,7.842155990325359,5.284961033841476
22,31,27.281357939934367,8.930007011531604,4.746823426996898
22,32,27.281357939934367,6.256398102502485,6.40098183594854
22,33,24.55322214594093,4.234889826127565,7.897052526304849
22,34,16.368814763960618,3.175075956324345,8.118693394858637
22,35,19.096950557954056,7.936775338638008,7.218512989746396
22,36,21.82508635194749,7.249066164937037,5.474361783932735
22,37,21.82508635194749,4.397945704562676,4.537942220819151
22,38,16.368814763960618,3.5953315621744024,5.59356363238437
22,39,21.82508635194749,9.321768037270946,6.682128655495928
22,40,24.55322214594093,8.121191706206686,5.818390939031449
22,41,24.55322214594093,5.090415284738374,5.0202296174784005
22,42,19.096950557954056,4.088867173980554,6.40948194300693
22,43,24.55322214594093,9.644633350930468,7.669153573389688
22,44,24.55322214594093,7.430736652828638,6.627564699761834
22,45,24.55322214594093,6.123047687396878,5.60958523627665
22,46,24.55322214594093,7.001126951528045,6.738058849115558
22,47,24.55322214594093,7.381779520255831,7.732149382805093
22,48,24.55322214594093,6.553570641282111,7.098844608162915
22,49,24.55322214594093,6.596034159255039,6.776941908451731
22,50,21.82508635194749,6.447971577559849,7.000040316850333
22,51,24.55322214594093,8.747256007186285,6.917628116282084
22,52,30.0094937339278,8.104504557886075,6.674216910542815
22,53,19.096950557954056,1.5880695168642773,6.794475756520504
22,54,21.82508635194749,8.638682444443232,7.476854705981218
22,55,27.281357939934367,11.58336961440163,7.435682978573548
22,56,30.0094937339278,8.189555263548632,5.775285799700172
22,57,27.281357939934367,3.8575491115805622,6.222470836627389
22,58,19.096950557954056,3.5691673783597553,8.878704167748607
22,59,24.55322214594093,10.258109494314892,8.944774174144303
22,60,21.82508635194749,6.327819261811393,6.429965992054709
22,61,24.55322214594093,6.802804347195689,5.031049219033569
22,62,27.281357939934367,7.420331694634178,6.522988105752407
22,63,19.096950557954056,5.4429974979183875,7.556276373992341
22,64,32.737629527921236,13.26024732951387,7.0289315984885095
22,65,27.281357939934367,5.7186675099695385,6.926625758466345
22,66,27.281357939934367,5.33760273642748,7.220868242867052
22,67,19.096950557954056,3.538509849263126,8.674342464303026
22,68,21.82508635194749,7.440943136996602,8.507397852701917
22,69,19.096950557954056,5.161440005578316,6.180544918134815
22,70,19.096950557954056,5.468898648811489,5.0011998394753405
22,71,19.096950557954056,6.05843011122263,5.440353515032567
22,72,24.55322214594093,7.7435080082785595,5.892332556759926
22,73,19.096950557954056,3.4304888434718994,5.6384630581809905
22,74,16.368814763960618,4.489783970730191,5.90931571938837
22,75,21.82508635194749,8.176394472771538,6.320234024271832
22,76,21.82508635194749,4.8336884606694355,5.540849374889777
22,77,10.912543175973745,0.0,4.872706839911806
22,78,16.368814763960618,6.87217324804979,5.800284102692507
22,79,19.096950557954056,5.4393822239830705,5.53801746882677
22,80,8.184407381980309,0.0,3.5940921200460534
22,81,16.368814763960618,6.502384817301459,3.824525400316516
22,82,13.640678969967183,4.072756351011183,4.785996444544428
22,83,10.912543175973745,1.6725713385461818,3.584676716307214
22,84,13.640678969967183,2.2816851438197796,3.602306687818459
22,85,5.456271587986873,0.0,4.2769835192543875
22,86,2.7281357939934363,1.8604887111668036,3.1554398866514073
22,87,13.640678969967183,8.492930765918631,2.031041168866752
22,88,13.640678969967183,3.5756766747034003,1.3766760142067809
22,89,13.640678969967183,1.213427534018531,1.9481944226188372
22,90,8.184407381980309,0.0,4.362391100177676
